#
# A fatal error has been detected by the Java Runtime Environment:
#
#  SIGBUS (0x7) at pc=0x00007f31b3519280, pid=1468216, tid=1468250
#
# JRE version: OpenJDK Runtime Environment (26.0.2+13) (build 26.0.2+13)
# Java VM: OpenJDK 64-Bit Server VM (26.0.2+13, mixed mode, sharing, tiered, compressed oops, compressed class ptrs, g1 gc, linux-amd64)
# Problematic frame:
# C  [libc.so.6+0x479cd]
#
# Core dump will be written. Default location: Determined by the following: "/usr/lib/systemd/systemd-coredump %P %u %g %s %t %c %h %d %F %I" (alternatively, falling back to /home/haru/Nexira/core.1468216)
#
# If you would like to submit a bug report, please visit:
#   https://bell-sw.com/support
#

---------------  S U M M A R Y ------------

Command Line: -XX:NativeMemoryTracking=summary --add-opens=java.desktop/sun.awt.X11=ALL-UNNAMED --add-opens=java.base/sun.nio.ch=ALL-UNNAMED --enable-native-access=ALL-UNNAMED -XX:+AutoCreateSharedArchive -XX:SharedArchiveFile=/home/haru/.local/share/nexira/app-2.4.0-nightly1502-33ae6ee66881.jsa -Dawt.useSystemAAFontSettings=on -Djdk.gtk.version=3 -D_JAVA_AWT_WM_NONREPARENTING=1 -Drobot.need_x11=false -XX:+UseG1GC -XX:+UseStringDeduplication /tmp/.mount_NexirapBkhGo/usr/lib/nexira.jar

Host: 12th Gen Intel(R) Core(TM) i5-1235U, 12 cores, 23G, Arch Linux
Time: Mon Aug  3 13:51:55 2026 CEST elapsed time: 937.003082 seconds (0d 0h 15m 37s)

---------------  T H R E A D  ---------------

Current thread (0x00007f31ac118e70):  VMThread "VM Thread"          [id=1468250, stack(0x00007f318fcf4000,0x00007f318fdf4000) (1024K)]

Stack: [0x00007f318fcf4000,0x00007f318fdf4000],  sp=0x00007f318fdf2780,  free space=1017k
Native frames: (J=compiled Java code, j=interpreted, Vv=VM code, C=native code)
C  [libc.so.6+0x479cd]

siginfo: si_signo: 7 (SIGBUS), si_code: 2 (BUS_ADRERR), si_addr: 0x00007f31b3519280

Registers:
RAX=0x00007f31b3519280, RBX=0x00007f31b424ef88, RCX=0x0000000000000001, RDX=0x0000000000000004
RSP=0x00007f318fdf2778, RBP=0x0000000000000b74, RSI=0x000000000000008f, RDI=0x00007f31b3dac640
R8 =0x0000000000000004, R9 =0x00007f31ac119b90, R10=0x00000000000000c0, R11=0x0000000000000202
R12=0x000000000000008f, R13=0x00007f31b424d680, R14=0x00007f31b3dac640, R15=0x0000562b4fe38660
RIP=0x00007f31b3519280, EFLAGS=0x0000000000010246, CSGSFS=0x002b000000000033, ERR=0x0000000000000014
  TRAPNO=0x000000000000000e

XMM[0]=0x0000000000000000 0x0000000000000000
XMM[1]=0xffffffffffffffff 0xffffffffffffffff
XMM[2]=0xffffffffffffffff 0xffffffffffffffff
XMM[3]=0x0000000000000000 0x00000000000000ff
XMM[4]=0x00007f31b3a043f9 0x00007f31b3c58868
XMM[5]=0x0000000000000000 0x0000000000000000
XMM[6]=0x0000000000000000 0x00007f31b3a043f9
XMM[7]=0x0000000000000000 0x0000000000000000
XMM[8]=0x3030303030303030 0x3030303030303030
XMM[9]=0x0000000000000003 0x0000000000000003
XMM[10]=0x0000000000000001 0x0000000000000001
XMM[11]=0x9999999999999999 0x9999999999999999
XMM[12]=0x2020202020202020 0x2020202020202020
XMM[13]=0x0000000000000000 0x0000000000000000
XMM[14]=0x0000000000000000 0x0000000000000000
XMM[15]=0x0000000000000000 0x0000000000000000
  MXCSR=0x00001fa2


Register to memory mapping:

RAX=0x00007f31b3519280: <offset 0x0000000000f19280> in /tmp/.mount_NexirapBkhGo/usr/lib/server/libjvm.so at 0x00007f31b2600000
RBX=0x00007f31b424ef88: <offset 0x000000000024ef88> in /usr/lib/libc.so.6 at 0x00007f31b4000000
RCX=0x0000000000000001 in mmap'd memory region [0x0000000000000001 - 0x0000000000000002], tag mtNone

RDX=0x0000000000000004 is an unknown value
RSP=0x00007f318fdf2778 in mmap'd memory region [0x00007f318fcf4000 - 0x00007f318fdf4000], tag mtThreadStack

RBP=0x0000000000000b74 is an unknown value
RSI=0x000000000000008f is an unknown value
RDI=0x00007f31b3dac640: <offset 0x00000000017ac640> in /tmp/.mount_NexirapBkhGo/usr/lib/server/libjvm.so at 0x00007f31b2600000
R8 =0x0000000000000004 is an unknown value
R9 =0x00007f31ac119b90 points into unknown readable memory: 0x0000000100020001 | 01 00 02 00 01 00 00 00
R10=0x00000000000000c0 is an unknown value
R11=0x0000000000000202 is an unknown value
R12=0x000000000000008f is an unknown value
R13=0x00007f31b424d680: <offset 0x000000000024d680> in /usr/lib/libc.so.6 at 0x00007f31b4000000
R14=0x00007f31b3dac640: <offset 0x00000000017ac640> in /tmp/.mount_NexirapBkhGo/usr/lib/server/libjvm.so at 0x00007f31b2600000
R15=0x0000562b4fe38660 points into unknown readable memory: 0x00007f31b424efa0 | a0 ef 24 b4 31 7f 00 00

Top of Stack: (sp=0x00007f318fdf2778)
0x00007f318fdf2778:   00007f31b40479cd 00007f318fdf2790   .y..1....'..1...
0x00007f318fdf2788:   00007f31b3320b89 00007f318fdf2810   ..2.1....(..1...
0x00007f318fdf2798:   01007f31b3837320 00000000000000e6    s..1...........
0x00007f318fdf27a8:   00007f31ac0ed0e0 00007f318fdf27f0   ....1....'..1...
0x00007f318fdf27b8:   000000000000008f 00007f31b3dd4b00   .........K..1...
0x00007f318fdf27c8:   0000000000000000 00007f3172c32670   ........p&.r1...
0x00007f318fdf27d8:   00007f31b4047ac0 0000000000000000   .z..1...........
0x00007f318fdf27e8:   00007f31b34ab079 00007f318fdf2810   y.J.1....(..1...
0x00007f318fdf27f8:   00007f31b306feff 00007f31ac119450   ....1...P...1...
0x00007f318fdf2808:   00007f31ac119450 00007f318fdf2920   P...1... )..1...
0x00007f318fdf2818:   00007f31b3836d83 00007f318fdf2930   .m..1...0)..1...
0x00007f318fdf2828:   00000000000003d8 00007f31ac0ed4d0   ............1...
0x00007f318fdf2838:   00007f31ac0ed0f8 00007f31ac118e70   ....1...p...1...
0x00007f318fdf2848:   00007f31adb6a320 00007f318fdf0100    ...1.......1...
0x00007f318fdf2858:   0000000000000000 fffffffffff00000   ................
0x00007f318fdf2868:   0000000000100000 00007f3100000027   ........'...1...
0x00007f318fdf2878:   00007f31b383b600 00007f318fdf2ad1   ....1....*..1...
0x00007f318fdf2888:   0000000000000000 00007f318fdf39c8   .........9..1...
0x00007f318fdf2898:   00000000ffffffff 00007f318fdf2990   .........)..1...
0x00007f318fdf28a8:   0000000000000000 00007f318fdf28e0   .........(..1...
0x00007f318fdf28b8:   00007f31b410238d 00007f318fdf2990   .#..1....)..1...
0x00007f318fdf28c8:   00007f318fdf2b10 00007f318fdf2900   .+..1....)..1...
0x00007f318fdf28d8:   00007f31b410238d 00007f318fdf2908   .#..1....)..1...
0x00007f318fdf28e8:   56b81612510e3800 00000000000708b1   .8.Q...V........
0x00007f318fdf28f8:   00007f31ac119450 00007f31b2b116a0   P...1.......1...
0x00007f318fdf2908:   00007f31ac118e70 0000000000000000   p...1...........
0x00007f318fdf2918:   00007f3172c32670 00007f318fdf2a20   p&.r1... *..1...
0x00007f318fdf2928:   00007f31b383a8be 00007f318fdf2960   ....1...`)..1...
0x00007f318fdf2938:   00007f31b410238d 0000000000000027   .#..1...'.......
0x00007f318fdf2948:   00000000000003d8 00007f31ac0ed4d0   ............1...
0x00007f318fdf2958:   00007f318fdf2990 00007f31ac0ed0f8   .)..1.......1...
0x00007f318fdf2968:   00007f31ac0ed0e0 0000000000000000   ....1...........

Instructions: (pc=0x00007f31b40479cd)
  0x00007f31b40478cd:   00 00 44 89 e7 ff d0 31 c0 bf 01 00 00 00 f0 0f
  0x00007f31b40478dd:   b1 3b 0f 85 a8 00 00 00 48 8b 05 94 76 20 00 48
  0x00007f31b40478ed:   39 e8 0f 85 6b ff ff ff 49 8b 47 08 48 85 c0 0f
  0x00007f31b40478fd:   85 78 ff ff ff 49 8b 07 49 89 45 00 48 85 c0 74
  0x00007f31b404790d:   22 4c 89 ff ff 15 09 54 20 00 4d 8b 7d 00 4d 85
  0x00007f31b404791d:   ff 0f 85 49 ff ff ff 90 66 66 2e 0f 1f 84 00 00
  0x00007f31b404792d:   00 00 00 31 c0 c6 05 97 7a 20 00 01 87 03 83 f8
  0x00007f31b404793d:   01 0f 8f 1f 01 00 00 80 7c 24 1f 00 0f 85 0a 01
  0x00007f31b404794d:   00 00 44 89 e7 e8 99 c2 0b 00 66 0f 1f 84 00 00
  0x00007f31b404795d:   00 00 00 48 8b 15 41 54 20 00 c4 e3 fb f0 40 f8
  0x00007f31b404796d:   11 48 33 02 31 d2 87 13 83 fa 01 7f 76 ff d0 31
  0x00007f31b404797d:   c0 be 01 00 00 00 f0 0f b1 33 0f 84 58 ff ff ff
  0x00007f31b404798d:   48 89 df e8 db 16 06 00 e9 4b ff ff ff 66 0f 1f
  0x00007f31b404799d:   44 00 00 48 8b 0d 01 54 20 00 4c 8b 30 48 c7 40
  0x00007f31b40479ad:   f0 00 00 00 00 c4 e3 fb f0 40 f8 11 48 33 01 31
  0x00007f31b40479bd:   c9 87 0b 83 f9 01 7f 73 4c 89 f7 44 89 e6 ff d0
=>0x00007f31b40479cd:   31 c0 bf 01 00 00 00 f0 0f b1 3b 0f 84 07 ff ff
  0x00007f31b40479dd:   ff 48 89 df e8 8a 16 06 00 e9 fa fe ff ff 0f 1f
  0x00007f31b40479ed:   44 00 00 48 89 df 48 89 44 24 08 e8 33 17 06 00
  0x00007f31b40479fd:   48 8b 44 24 08 e9 73 ff ff ff 66 0f 1f 84 00 00
  0x00007f31b4047a0d:   00 00 00 48 89 df 48 89 74 24 10 48 89 44 24 08
  0x00007f31b4047a1d:   e8 0e 17 06 00 48 8b 74 24 10 48 8b 44 24 08 e9
  0x00007f31b4047a2d:   9e fe ff ff 0f 1f 80 00 00 00 00 48 89 df 48 89
  0x00007f31b4047a3d:   44 24 08 e8 eb 16 06 00 48 8b 44 24 08 e9 76 ff
  0x00007f31b4047a4d:   ff ff e8 6c fb ff ff e9 e0 fd ff ff e8 42 ef 05
  0x00007f31b4047a5d:   00 e9 ec fe ff ff 48 89 df e8 c5 16 06 00 e9 d4
  0x00007f31b4047a6d:   fe ff ff 48 89 df e8 f8 15 06 00 e9 e3 fd ff ff
  0x00007f31b4047a7d:   48 8d 3d 5c 79 20 00 88 4c 24 08 e8 e3 15 06 00
  0x00007f31b4047a8d:   0f b6 4c 24 08 e9 8c fd ff ff 66 0f 1f 84 00 00
  0x00007f31b4047a9d:   00 00 00 f3 0f 1e fa 50 58 b9 01 00 00 00 ba 01
  0x00007f31b4047aad:   00 00 00 48 8d 35 c9 5b 20 00 48 83 ec 08 e8 20
  0x00007f31b4047abd:   fd ff ff f3 0f 1e fa 55 53 48 83 ec 28 64 48 8b


Stack slot to memory mapping:

stack at sp + 0 slots: 0x00007f318fdf2790 in mmap'd memory region [0x00007f318fcf4000 - 0x00007f318fdf4000], tag mtThreadStack

stack at sp + 1 slots: 0x00007f31b3320b89: <offset 0x0000000000d20b89> in /tmp/.mount_NexirapBkhGo/usr/lib/server/libjvm.so at 0x00007f31b2600000
stack at sp + 2 slots: 0x00007f318fdf2810 in mmap'd memory region [0x00007f318fcf4000 - 0x00007f318fdf4000], tag mtThreadStack

stack at sp + 3 slots: 0x01007f31b3837320 is an unknown value
stack at sp + 4 slots: 0x00000000000000e6 is an unknown value
stack at sp + 5 slots: 0x00007f31ac0ed0e0 into live malloced block starting at 0x00007f31ac0ed0e0, size 1008, tag mtChunk
stack at sp + 6 slots: 0x00007f318fdf27f0 in mmap'd memory region [0x00007f318fcf4000 - 0x00007f318fdf4000], tag mtThreadStack

stack at sp + 7 slots: 0x000000000000008f is an unknown value

VM_Operation (0x00007f3172c32670): Exit, mode: safepoint, requested by thread 0x0000562b50d0c920


---------------  P R O C E S S  ---------------

Threads class SMR info:
_java_thread_list=0x00007f31adb6a320, length=39, elements={
0x00007f31ac02d1c0, 0x00007f31ac125220, 0x00007f31ac126540, 0x00007f31ac1289a0,
0x00007f31ac12a820, 0x00007f31ac12c650, 0x00007f31ac12ec70, 0x00007f31ac130d00,
0x00007f31ac1331f0, 0x00007f31ac161cb0, 0x00007f31ac175780, 0x00007f31ac668790,
0x00007f31ac630fd0, 0x00007f31ac65ce90, 0x00007f31ac64f500, 0x0000562b5043a1f0,
0x0000562b5043b880, 0x00007f31ac676980, 0x0000562b5046a420, 0x0000562b50832490,
0x0000562b5155a020, 0x0000562b50db5410, 0x0000562b5145f5a0, 0x0000562b514e8750,
0x0000562b514d13f0, 0x0000562b51e6e6c0, 0x00007f31ad7fd2c0, 0x0000562b5209b270,
0x00007f31acb89640, 0x00007f31ad3901e0, 0x00007f31acc98d60, 0x00007f31acaae290,
0x00007f31ac8bb660, 0x00007f31acaabe40, 0x00007f31ae025a10, 0x0000562b5276a520,
0x00007f31acb56930, 0x0000562b50562740, 0x0000562b50d0c920
}

Java Threads: ( => current thread )
  0x00007f31ac02d1c0 JavaThread "main"                              [_thread_blocked, id=1468231, stack(0x00007f31b2500000,0x00007f31b2600000) (1024K)]
  0x00007f31ac125220 JavaThread "Reference Handler"          daemon [_thread_blocked, id=1468251, stack(0x00007f318fbf3000,0x00007f318fcf3000) (1024K)]
  0x00007f31ac126540 JavaThread "Finalizer"                  daemon [_thread_blocked, id=1468252, stack(0x00007f318f700000,0x00007f318f800000) (1024K)]
  0x00007f31ac1289a0 JavaThread "Signal Dispatcher"          daemon [_thread_blocked, id=1468253, stack(0x00007f318f5ff000,0x00007f318f6ff000) (1024K)]
  0x00007f31ac12a820 JavaThread "Service Thread"             daemon [_thread_blocked, id=1468254, stack(0x00007f318f4fe000,0x00007f318f5fe000) (1024K)]
  0x00007f31ac12c650 JavaThread "Monitor Deflation Thread"   daemon [_thread_blocked, id=1468255, stack(0x00007f318f3fd000,0x00007f318f4fd000) (1024K)]
  0x00007f31ac12ec70 JavaThread "C2 CompilerThread0"         daemon [_thread_blocked, id=1468256, stack(0x00007f318f2fc000,0x00007f318f3fc000) (1024K)]
  0x00007f31ac130d00 JavaThread "C1 CompilerThread0"         daemon [_thread_blocked, id=1468257, stack(0x00007f318f1fb000,0x00007f318f2fb000) (1024K)]
  0x00007f31ac1331f0 JavaThread "StringDedupThread"          daemon [_thread_blocked, id=1468258, stack(0x00007f318f0fa000,0x00007f318f1fa000) (1024K)]
  0x00007f31ac161cb0 JavaThread "Notification Thread"        daemon [_thread_blocked, id=1468259, stack(0x00007f318af00000,0x00007f318b000000) (1024K)]
  0x00007f31ac175780 JavaThread "Common-Cleaner"             daemon [_thread_blocked, id=1468260, stack(0x00007f318adff000,0x00007f318aeff000) (1024K)]
  0x00007f31ac668790 JavaThread "Java2D Disposer"            daemon [_thread_blocked, id=1468284, stack(0x00007f318a0c6000,0x00007f318a1c6000) (1024K)]
  0x00007f31ac630fd0 JavaThread "AWT-XAWT"                   daemon [_thread_blocked, id=1468285, stack(0x00007f3189fc5000,0x00007f318a0c5000) (1024K)]
  0x00007f31ac65ce90 JavaThread "AWT-Shutdown"                      [_thread_blocked, id=1468292, stack(0x00007f3189dc3000,0x00007f3189ec3000) (1024K)]
  0x00007f31ac64f500 JavaThread "AWT-EventQueue-0"                  [_thread_blocked, id=1468293, stack(0x00007f3189cc2000,0x00007f3189dc2000) (1024K)]
  0x0000562b5043a1f0 JavaThread "DefaultDispatcher-worker-1" daemon [_thread_blocked, id=1468294, stack(0x00007f3189bc1000,0x00007f3189cc1000) (1024K)]
  0x0000562b5043b880 JavaThread "DefaultDispatcher-worker-2" daemon [_thread_blocked, id=1468295, stack(0x00007f3189ac0000,0x00007f3189bc0000) (1024K)]
  0x00007f31ac676980 JavaThread "kotlinx.coroutines.DefaultExecutor" daemon [_thread_blocked, id=1468298, stack(0x00007f3187751000,0x00007f3187851000) (1024K)]
  0x0000562b5046a420 JavaThread "Reference Cleaner"          daemon [_thread_blocked, id=1468299, stack(0x00007f3187650000,0x00007f3187750000) (1024K)]
  0x0000562b50832490 JavaThread "TimerQueue"                 daemon [_thread_blocked, id=1468316, stack(0x00007f3187852000,0x00007f3187952000) (1024K)]
  0x0000562b5155a020 JavaThread "threadJobProcessorPoolSpawner" daemon [_thread_blocked, id=1468347, stack(0x00007f3175cfe000,0x00007f3175dfe000) (1024K)]
  0x0000562b50db5410 JavaThread "Exodus shared timer thread" daemon [_thread_blocked, id=1468348, stack(0x00007f3175bfd000,0x00007f3175cfd000) (1024K)]
  0x0000562b5145f5a0 JavaThread "Exodus shared deferred I/O job processor" daemon [_thread_blocked, id=1468349, stack(0x00007f3175afc000,0x00007f3175bfc000) (1024K)]
  0x0000562b514e8750 JavaThread "Exodus shared background cleaner" daemon [_thread_blocked, id=1468360, stack(0x00007f31757fb000,0x00007f31758fb000) (1024K)]
  0x0000562b514d13f0 JavaThread "Exodus shared stuck transaction monitor" daemon [_thread_blocked, id=1468361, stack(0x00007f31756fa000,0x00007f31757fa000) (1024K)]
  0x0000562b51e6e6c0 JavaThread "DefaultDispatcher-worker-5" daemon [_thread_blocked, id=1468386, stack(0x00007f31753e7000,0x00007f31754e7000) (1024K)]
  0x00007f31ad7fd2c0 JavaThread "DefaultDispatcher-worker-7" daemon [_thread_blocked, id=1468396, stack(0x00007f3189ec4000,0x00007f3189fc4000) (1024K)]
  0x0000562b5209b270 JavaThread "DefaultDispatcher-worker-8" daemon [_thread_blocked, id=1468397, stack(0x00007f31751c2000,0x00007f31752c2000) (1024K)]
  0x00007f31acb89640 JavaThread "libvault-secretservice-1468216" daemon [_thread_blocked, id=1468402, stack(0x00007f3174cbd000,0x00007f3174dbd000) (1024K)]
  0x00007f31ad3901e0 JavaThread "libtray-sni-1468216"        daemon [_thread_blocked, id=1468404, stack(0x00007f3174abb000,0x00007f3174bbb000) (1024K)]
  0x00007f31acc98d60 JavaThread "libnotify-fdo-1468216"      daemon [_thread_blocked, id=1468405, stack(0x00007f31749ba000,0x00007f3174aba000) (1024K)]
  0x00007f31acaae290 JavaThread "DefaultDispatcher-worker-12" daemon [_thread_blocked, id=1468407, stack(0x00007f31747b8000,0x00007f31748b8000) (1024K)]
  0x00007f31ac8bb660 JavaThread "DefaultDispatcher-worker-3" daemon [_thread_blocked, id=1468408, stack(0x00007f31746b7000,0x00007f31747b7000) (1024K)]
  0x00007f31acaabe40 JavaThread "DefaultDispatcher-worker-9" daemon [_thread_blocked, id=1468410, stack(0x00007f31744b5000,0x00007f31745b5000) (1024K)]
  0x00007f31ae025a10 JavaThread "DefaultDispatcher-worker-10" daemon [_thread_blocked, id=1468411, stack(0x00007f31743b4000,0x00007f31744b4000) (1024K)]
  0x0000562b5276a520 JavaThread "DefaultDispatcher-worker-11" daemon [_thread_blocked, id=1468420, stack(0x00007f3172a33000,0x00007f3172b33000) (1024K)]
  0x00007f31acb56930 JavaThread "DefaultDispatcher-worker-6" daemon [_thread_blocked, id=1468421, stack(0x00007f3172932000,0x00007f3172a32000) (1024K)]
  0x0000562b50562740 JavaThread "Attach Listener"            daemon [_thread_blocked, id=1469255, stack(0x00007f3172c35000,0x00007f3172d35000) (1024K)]
  0x0000562b50d0c920 JavaThread "SIGTERM handler"            daemon [_thread_blocked, id=1485798, stack(0x00007f3172b34000,0x00007f3172c34000) (1024K)]
Total: 39

Other Threads:
=>0x00007f31ac118e70 VMThread "VM Thread"                           [id=1468250, stack(0x00007f318fcf4000,0x00007f318fdf4000) (1024K)]
  0x00007f31ac08c4e0 WorkerThread "GC Thread#0"                     [id=1468232, stack(0x00007f31b00ec000,0x00007f31b01ec000) (1024K)]
  0x00007f31ac19dee0 WorkerThread "GC Thread#1"                     [id=1468261, stack(0x00007f318acfe000,0x00007f318adfe000) (1024K)]
  0x00007f31ac341b80 WorkerThread "GC Thread#2"                     [id=1468276, stack(0x00007f318a7f9000,0x00007f318a8f9000) (1024K)]
  0x00007f31ac342ac0 WorkerThread "GC Thread#3"                     [id=1468277, stack(0x00007f318a6f8000,0x00007f318a7f8000) (1024K)]
  0x00007f31ac3438f0 WorkerThread "GC Thread#4"                     [id=1468278, stack(0x00007f318a5f7000,0x00007f318a6f7000) (1024K)]
  0x00007f31acbdbcd0 WorkerThread "GC Thread#5"                     [id=1468322, stack(0x00007f3186bac000,0x00007f3186cac000) (1024K)]
  0x00007f31acc08070 WorkerThread "GC Thread#6"                     [id=1468323, stack(0x00007f3186aab000,0x00007f3186bab000) (1024K)]
  0x00007f31acc09590 WorkerThread "GC Thread#7"                     [id=1468324, stack(0x00007f31869aa000,0x00007f3186aaa000) (1024K)]
  0x00007f31ac8c2290 WorkerThread "GC Thread#8"                     [id=1468325, stack(0x00007f31868a9000,0x00007f31869a9000) (1024K)]
  0x00007f31ac8c3940 WorkerThread "GC Thread#9"                     [id=1468326, stack(0x00007f31867a8000,0x00007f31868a8000) (1024K)]
  0x00007f31ac09f690 ConcurrentGCThread "G1 Main Marker"            terminated
  0x00007f31ac0a0e40 WorkerThread "G1 Conc#0"                       [id=1468234, stack(0x00007f3192b93000,0x00007f3192c93000) (1024K)]
  0x00007f31ac1a0660 WorkerThread "G1 Conc#1"                       [id=1468262, stack(0x00007f318abfd000,0x00007f318acfd000) (1024K)]
  0x00007f31ac1a14b0 WorkerThread "G1 Conc#2"                       [id=1468263, stack(0x00007f318aafc000,0x00007f318abfc000) (1024K)]
  0x00007f31ac0e4b70 WorkerThread "G1 Refinement Workers#0"         [id=1468236, stack(0x00007f318fef6000,0x00007f318fff6000) (1024K)]
  0x00007f31ac0e32f0 ConcurrentGCThread "G1 Refine Control"         terminated
  0x00007f31ac0e5ea0 ConcurrentGCThread "G1 Service"                terminated
Total: 18

Threads with active compile tasks:
Total: 0

VM state: at safepoint (shutting down)

VM Mutex/Monitor currently owned by a thread:  ([mutex/lock_event])
[0x00007f31b3da6008] ThreadsLockThrottle_lock - owner thread: 0x00007f31ac1289a0
[0x00007f31b3da5d08] Threads_lock - owner thread: 0x00007f31ac118e70
[0x00007f31b3da5a88] Heap_lock - owner thread: 0x0000562b50d0c920

Heap address: 0x000000068cc00000, size: 5940 MB, Compressed Oops mode: Zero based, Oop shift amount: 3

CDS archive(s) mapped at: [0x000000006d000000-0x000000006dc9c000-0x00000000727f2000), size 92217344, SharedBaseAddress: 0x000000006d000000, ArchiveRelocationMode: 1.
Compressed class space mapped at: 0x0000000073000000-0x00000000b3000000, reserved size: 1073741824
UseCompressedClassPointers 1, UseCompactObjectHeaders 0
Narrow klass pointer bits 32, Max shift 3
Narrow klass base: 0x000000006d000000, Narrow klass shift: 0
Encoding Range: [0x000000006d000000 - 0x000000016d000000), (4294967296 bytes)
Klass Range:    [0x000000006d000000 - 0x00000000b3000000), (1174405120 bytes)
Klass ID Range:  [8 - 1174405113) (1174405105)
Protection zone: [0x000000006d000000 - 0x000000006d001000), (4096 bytes)

GC Precious Log:
 CardTable entry size: 512
 Card Set container configuration: InlinePtr #cards 4 size 8 Array Of Cards #cards 32 size 80 Howl #buckets 8 coarsen threshold 7372 Howl Bitmap #cards 1024 size 144 coarsen threshold 921 Card regions per heap region 1 cards per card region 8192
 CPUs: 12 total, 12 available
 Memory: 23748M
 Large Page Support: Disabled
 NUMA Support: Disabled
 Compressed Oops: Enabled (Zero based)
 Heap Region Size: 4M
 Heap Min Capacity: 8M
 Heap Initial Capacity: 8M
 Heap Max Capacity: 5940M
 Pre-touch: Disabled
 Parallel Workers: 10
 Concurrent Workers: 3
 Concurrent Refinement Workers: 10
 Periodic GC: Disabled
 String Deduplication is enabled

Heap:
 garbage-first heap   total reserved 6082560K, committed 122880K, used 91295K [0x000000068cc00000, 0x0000000800000000)
  region size 4M, 14 eden (56M), 1 survivor (4M), 9 old (36M), 2 humongous (8M), 4 free (16M)

Heap Regions: E=young(eden), S=young(survivor), O=old, HS=humongous(starts), HC=humongous(continues), CS=collection set, F=free, TAMS=top-at-mark-start, PB=parsable bottom
|    0|0x000000068cc00000, 0x000000068cffdff8, 0x000000068d000000| 99%| O|  |TAMS 0x000000068cc00000| PB 0x000000068cc00000| Untracked |  0
|    1|0x000000068d000000, 0x000000068d3f7168, 0x000000068d400000| 99%| O|  |TAMS 0x000000068d000000| PB 0x000000068d000000| Untracked |  0
|    2|0x000000068d400000, 0x000000068d800000, 0x000000068d800000|100%| O|  |TAMS 0x000000068d400000| PB 0x000000068d400000| Untracked |  0
|    3|0x000000068d800000, 0x000000068dc00000, 0x000000068dc00000|100%|HS|  |TAMS 0x000000068d800000| PB 0x000000068d800000| Untracked |  0
|    4|0x000000068dc00000, 0x000000068dff7df0, 0x000000068e000000| 99%| O|  |TAMS 0x000000068dc00000| PB 0x000000068dc00000| Untracked |  0
|    5|0x000000068e000000, 0x000000068e400000, 0x000000068e400000|100%| O|  |TAMS 0x000000068e000000| PB 0x000000068e000000| Untracked |  0
|    6|0x000000068e400000, 0x000000068e7a5600, 0x000000068e800000| 91%| O|  |TAMS 0x000000068e400000| PB 0x000000068e400000| Untracked |  0
|    7|0x000000068e800000, 0x000000068ec00000, 0x000000068ec00000|100%|HS|  |TAMS 0x000000068e800000| PB 0x000000068e800000| Untracked |  0
|    8|0x000000068ec00000, 0x000000068f000000, 0x000000068f000000|100%| O|  |TAMS 0x000000068ec00000| PB 0x000000068ec00000| Untracked |  0
|    9|0x000000068f000000, 0x000000068f1709e0, 0x000000068f400000| 35%| O|  |TAMS 0x000000068f000000| PB 0x000000068f000000| Untracked |  0
|   10|0x000000068f400000, 0x000000068f400000, 0x000000068f800000|  0%| F|  |TAMS 0x000000068f400000| PB 0x000000068f400000| Untracked |  0
|   11|0x000000068f800000, 0x000000068f824d30, 0x000000068fc00000|  3%| S|CS|TAMS 0x000000068f800000| PB 0x000000068f800000| Complete  |  0
|   12|0x000000068fc00000, 0x000000068fc00000, 0x0000000690000000|  0%| F|  |TAMS 0x000000068fc00000| PB 0x000000068fc00000| Untracked |  0
|   13|0x0000000690000000, 0x0000000690000000, 0x0000000690400000|  0%| F|  |TAMS 0x0000000690000000| PB 0x0000000690000000| Untracked |  0
|   14|0x0000000690400000, 0x0000000690400000, 0x0000000690800000|  0%| F|  |TAMS 0x0000000690400000| PB 0x0000000690400000| Untracked |  0
|   15|0x0000000690800000, 0x0000000690964010, 0x0000000690c00000| 34%| E|CS|TAMS 0x0000000690800000| PB 0x0000000690800000| Complete  |  0
|   16|0x0000000690c00000, 0x0000000691000000, 0x0000000691000000|100%| E|CS|TAMS 0x0000000690c00000| PB 0x0000000690c00000| Complete  |  0
|   17|0x0000000691000000, 0x0000000691400000, 0x0000000691400000|100%| E|CS|TAMS 0x0000000691000000| PB 0x0000000691000000| Complete  |  0
|   18|0x0000000691400000, 0x0000000691800000, 0x0000000691800000|100%| E|CS|TAMS 0x0000000691400000| PB 0x0000000691400000| Complete  |  0
|   19|0x0000000691800000, 0x0000000691c00000, 0x0000000691c00000|100%| E|CS|TAMS 0x0000000691800000| PB 0x0000000691800000| Complete  |  0
|   20|0x0000000691c00000, 0x0000000692000000, 0x0000000692000000|100%| E|CS|TAMS 0x0000000691c00000| PB 0x0000000691c00000| Complete  |  0
|   21|0x0000000692000000, 0x0000000692400000, 0x0000000692400000|100%| E|CS|TAMS 0x0000000692000000| PB 0x0000000692000000| Complete  |  0
|   22|0x0000000692400000, 0x0000000692800000, 0x0000000692800000|100%| E|CS|TAMS 0x0000000692400000| PB 0x0000000692400000| Complete  |  0
|   23|0x0000000692800000, 0x0000000692c00000, 0x0000000692c00000|100%| E|CS|TAMS 0x0000000692800000| PB 0x0000000692800000| Complete  |  0
|   24|0x0000000692c00000, 0x0000000693000000, 0x0000000693000000|100%| E|CS|TAMS 0x0000000692c00000| PB 0x0000000692c00000| Complete  |  0
|   25|0x0000000693000000, 0x0000000693400000, 0x0000000693400000|100%| E|CS|TAMS 0x0000000693000000| PB 0x0000000693000000| Complete  |  0
|   26|0x0000000693400000, 0x0000000693800000, 0x0000000693800000|100%| O|  |TAMS 0x0000000693400000| PB 0x0000000693400000| Untracked |  0
|   27|0x0000000693800000, 0x0000000693c00000, 0x0000000693c00000|100%| E|CS|TAMS 0x0000000693800000| PB 0x0000000693800000| Complete  |  0
|   28|0x0000000693c00000, 0x0000000694000000, 0x0000000694000000|100%| E|CS|TAMS 0x0000000693c00000| PB 0x0000000693c00000| Complete  |  0
|   29|0x0000000694000000, 0x0000000694400000, 0x0000000694400000|100%| E|CS|TAMS 0x0000000694000000| PB 0x0000000694000000| Complete  |  0

Card table byte_map: [0x00007f3198a64000,0x00007f31995fe000] _byte_map_base: 0x00007f31955fe000
Refinement table byte_map: [0x00007f31b01ec000,0x00007f31b0d86000] _byte_map_base: 0x00007f31acd86000

Marking Bits: (CMBitMap*) 0x00007f31ac08d350
 Bits: [0x00007f3192d94000, 0x00007f3198a64000)

Polling page: 0x00007f31b3e8c000

Metaspace:
Metaspace        used 13097K, committed 13504K, reserved 1114112K
 class space     used 637K, committed 832K, reserved 1048576K

Usage:
  Non-class:     12.17 MB used.
      Class:    637.66 KB used.
       Both:     12.79 MB used.

Virtual space:
  Non-class space:       64.00 MB reserved,      12.38 MB ( 19%) committed,  1 nodes.
      Class space:        1.00 GB reserved,     832.00 KB ( <1%) committed,  1 nodes.
             Both:        1.06 GB reserved,      13.19 MB (  1%) committed. 

Chunk freelists:
   Non-Class:  3.25 MB
       Class:  15.08 MB
        Both:  18.33 MB

MaxMetaspaceSize: unlimited
CompressedClassSpaceSize: 1.00 GB
Initial GC threshold: 21.00 MB
Current GC threshold: 21.69 MB
CDS: on
 - commit_granule_bytes: 65536.
 - commit_granule_words: 8192.
 - virtual_space_node_default_size: 8388608.
 - enlarge_chunks_in_place: 1.
UseCompressedClassPointers 1, UseCompactObjectHeaders 0
Narrow klass pointer bits 32, Max shift 3
Narrow klass base: 0x000000006d000000, Narrow klass shift: 0
Encoding Range: [0x000000006d000000 - 0x000000016d000000), (4294967296 bytes)
Klass Range:    [0x000000006d000000 - 0x00000000b3000000), (1174405120 bytes)
Klass ID Range:  [8 - 1174405113) (1174405105)
Protection zone: [0x000000006d000000 - 0x000000006d001000), (4096 bytes)


Internal statistics:

num_allocs_failed_limit: 0.
num_arena_births: 518.
num_arena_deaths: 12.
num_vsnodes_births: 2.
num_vsnodes_deaths: 0.
num_space_committed: 211.
num_space_uncommitted: 0.
num_chunks_returned_to_freelist: 16.
num_chunks_taken_from_freelist: 1044.
num_chunk_merges: 0.
num_chunk_splits: 670.
num_chunks_enlarged: 395.
num_inconsistent_stats: 0.

CodeHeap 'non-profiled nmethods': size=120032Kb used=5114Kb max_used=5115Kb free=114917Kb
 bounds [0x00007f31a10c8000, 0x00007f31a15c8000, 0x00007f31a8600000]
CodeHeap 'profiled nmethods': size=120032Kb used=12352Kb max_used=16578Kb free=107679Kb
 bounds [0x00007f31995fe000, 0x00007f319a63e000, 0x00007f31a0b36000]
CodeHeap 'non-nmethods': size=5704Kb used=3953Kb max_used=4085Kb free=1750Kb
 bounds [0x00007f31a0b36000, 0x00007f31a0f56000, 0x00007f31a10c8000]
CodeCache: size=245768Kb, used=21419Kb, max_used=25778Kb, free=224346Kb
 total_blobs=12623, nmethods=10074, adapters=2437, full_count=0
Compilation: enabled, stopped_count=0, restarted_count=0

Compilation events (20 events):
Event: 936.717 Thread 0x00007f31ac130d00 nmethod 12245 0x00007f3199fbdc88 code [0x00007f3199fbdd80, 0x00007f3199fbe198]
Event: 936.717 Thread 0x00007f31ac130d00 12246       3       jdk.internal.loader.URLClassPath$JarLoader$1::getContentLength (9 bytes)
Event: 936.718 Thread 0x00007f31ac130d00 nmethod 12246 0x00007f3199adad08 code [0x00007f3199adae00, 0x00007f3199adaf98]
Event: 936.718 Thread 0x00007f31ac130d00 12251       1       jetbrains.exodus.tree.TreeMetaInfo::getStructureId (5 bytes)
Event: 936.718 Thread 0x00007f31ac130d00 nmethod 12251 0x00007f31a1161c88 code [0x00007f31a1161d80, 0x00007f31a1161e30]
Event: 936.718 Thread 0x00007f31ac130d00 12240       3       java.lang.ThreadLocal$ThreadLocalMap::nextIndex (15 bytes)
Event: 936.718 Thread 0x00007f31ac130d00 nmethod 12240 0x00007f3199ae3688 code [0x00007f3199ae3780, 0x00007f3199ae3898]
Event: 936.718 Thread 0x00007f31ac130d00 12252       1       jetbrains.exodus.tree.btree.LeafNodeMutable::getKey (5 bytes)
Event: 936.718 Thread 0x00007f31ac130d00 nmethod 12252 0x00007f31a1161988 code [0x00007f31a1161a80, 0x00007f31a1161b30]
Event: 936.718 Thread 0x00007f31ac130d00 12241       1       org.koin.core.definition.BeanDefinition::getCallbacks (5 bytes)
Event: 936.718 Thread 0x00007f31ac130d00 nmethod 12241 0x00007f31a1161688 code [0x00007f31a1161780, 0x00007f31a1161830]
Event: 936.718 Thread 0x00007f31ac130d00 12242       1       org.koin.core.definition.Callbacks::getOnClose (5 bytes)
Event: 936.718 Thread 0x00007f31ac130d00 nmethod 12242 0x00007f31a1161388 code [0x00007f31a1161480, 0x00007f31a1161530]
Event: 936.725 Thread 0x00007f31ac12ec70 nmethod 12247 0x00007f31a1160608 code [0x00007f31a1160700, 0x00007f31a1161300]
Event: 936.909 Thread 0x00007f31ac12ec70 12253       4       java.util.AbstractMap::<init> (5 bytes)
Event: 936.909 Thread 0x00007f31ac12ec70 nmethod 12253 0x00007f31a1160308 code [0x00007f31a1160400, 0x00007f31a1160468]
Event: 936.909 Thread 0x00007f31ac130d00 12254       1       jetbrains.exodus.gc.UtilizationProfile$MutableLong::getValue (5 bytes)
Event: 936.909 Thread 0x00007f31ac130d00 nmethod 12254 0x00007f31a1160008 code [0x00007f31a1160100, 0x00007f31a11601b0]
Event: 936.910 Thread 0x00007f31ac130d00 12255       3       java.io.UnixFileSystem::normalize (41 bytes)
Event: 936.910 Thread 0x00007f31ac130d00 nmethod 12255 0x00007f31999a7708 code [0x00007f31999a7800, 0x00007f31999a8240]

GC Heap Usage History (20 events):
Event: 556.352 {heap Before GC invocations=117 (full 9):
 garbage-first heap   total reserved 6082560K, committed 122880K, used 103697K [0x000000068cc00000, 0x0000000800000000)
  region size 4M, 16 eden (64M), 1 survivor (4M), 9 old (36M), 2 humongous (8M), 2 free (8M)
}
Event: 556.353 {heap After GC invocations=118 (full 9):
 garbage-first heap   total reserved 6082560K, committed 122880K, used 42283K [0x000000068cc00000, 0x0000000800000000)
  region size 4M, 0 eden (0M), 1 survivor (4M), 9 old (36M), 2 humongous (8M), 18 free (72M)
}
Event: 558.462 {heap Before GC invocations=118 (full 9):
 garbage-first heap   total reserved 6082560K, committed 122880K, used 103723K [0x000000068cc00000, 0x0000000800000000)
  region size 4M, 16 eden (64M), 1 survivor (4M), 9 old (36M), 2 humongous (8M), 2 free (8M)
}
Event: 558.463 {heap After GC invocations=119 (full 9):
 garbage-first heap   total reserved 6082560K, committed 122880K, used 42310K [0x000000068cc00000, 0x0000000800000000)
  region size 4M, 0 eden (0M), 1 survivor (4M), 9 old (36M), 2 humongous (8M), 18 free (72M)
}
Event: 560.262 {heap Before GC invocations=119 (full 9):
 garbage-first heap   total reserved 6082560K, committed 122880K, used 103750K [0x000000068cc00000, 0x0000000800000000)
  region size 4M, 16 eden (64M), 1 survivor (4M), 9 old (36M), 2 humongous (8M), 2 free (8M)
}
Event: 560.263 {heap After GC invocations=120 (full 9):
 garbage-first heap   total reserved 6082560K, committed 122880K, used 42338K [0x000000068cc00000, 0x0000000800000000)
  region size 4M, 0 eden (0M), 1 survivor (4M), 9 old (36M), 2 humongous (8M), 18 free (72M)
}
Event: 562.233 {heap Before GC invocations=120 (full 9):
 garbage-first heap   total reserved 6082560K, committed 122880K, used 103778K [0x000000068cc00000, 0x0000000800000000)
  region size 4M, 16 eden (64M), 1 survivor (4M), 9 old (36M), 2 humongous (8M), 2 free (8M)
}
Event: 562.234 {heap After GC invocations=121 (full 9):
 garbage-first heap   total reserved 6082560K, committed 122880K, used 42383K [0x000000068cc00000, 0x0000000800000000)
  region size 4M, 0 eden (0M), 1 survivor (4M), 9 old (36M), 2 humongous (8M), 18 free (72M)
}
Event: 564.118 {heap Before GC invocations=121 (full 9):
 garbage-first heap   total reserved 6082560K, committed 122880K, used 103823K [0x000000068cc00000, 0x0000000800000000)
  region size 4M, 16 eden (64M), 1 survivor (4M), 9 old (36M), 2 humongous (8M), 2 free (8M)
}
Event: 564.119 {heap After GC invocations=122 (full 9):
 garbage-first heap   total reserved 6082560K, committed 122880K, used 42404K [0x000000068cc00000, 0x0000000800000000)
  region size 4M, 0 eden (0M), 1 survivor (4M), 9 old (36M), 2 humongous (8M), 18 free (72M)
}
Event: 565.776 {heap Before GC invocations=122 (full 9):
 garbage-first heap   total reserved 6082560K, committed 122880K, used 103844K [0x000000068cc00000, 0x0000000800000000)
  region size 4M, 16 eden (64M), 1 survivor (4M), 9 old (36M), 2 humongous (8M), 2 free (8M)
}
Event: 565.777 {heap After GC invocations=123 (full 9):
 garbage-first heap   total reserved 6082560K, committed 122880K, used 42414K [0x000000068cc00000, 0x0000000800000000)
  region size 4M, 0 eden (0M), 1 survivor (4M), 9 old (36M), 2 humongous (8M), 18 free (72M)
}
Event: 567.476 {heap Before GC invocations=123 (full 9):
 garbage-first heap   total reserved 6082560K, committed 122880K, used 103854K [0x000000068cc00000, 0x0000000800000000)
  region size 4M, 16 eden (64M), 1 survivor (4M), 9 old (36M), 2 humongous (8M), 2 free (8M)
}
Event: 567.477 {heap After GC invocations=124 (full 9):
 garbage-first heap   total reserved 6082560K, committed 122880K, used 42438K [0x000000068cc00000, 0x0000000800000000)
  region size 4M, 0 eden (0M), 1 survivor (4M), 9 old (36M), 2 humongous (8M), 18 free (72M)
}
Event: 569.356 {heap Before GC invocations=124 (full 9):
 garbage-first heap   total reserved 6082560K, committed 122880K, used 103878K [0x000000068cc00000, 0x0000000800000000)
  region size 4M, 16 eden (64M), 1 survivor (4M), 9 old (36M), 2 humongous (8M), 2 free (8M)
}
Event: 569.357 {heap After GC invocations=125 (full 9):
 garbage-first heap   total reserved 6082560K, committed 122880K, used 42450K [0x000000068cc00000, 0x0000000800000000)
  region size 4M, 0 eden (0M), 1 survivor (4M), 9 old (36M), 2 humongous (8M), 18 free (72M)
}
Event: 571.000 {heap Before GC invocations=125 (full 9):
 garbage-first heap   total reserved 6082560K, committed 122880K, used 95698K [0x000000068cc00000, 0x0000000800000000)
  region size 4M, 15 eden (60M), 1 survivor (4M), 9 old (36M), 2 humongous (8M), 3 free (12M)
}
Event: 571.051 {heap After GC invocations=126 (full 10):
 garbage-first heap   total reserved 6082560K, committed 122880K, used 41995K [0x000000068cc00000, 0x0000000800000000)
  region size 4M, 0 eden (0M), 0 survivor (0M), 9 old (36M), 2 humongous (8M), 19 free (76M)
}
Event: 573.060 {heap Before GC invocations=126 (full 10):
 garbage-first heap   total reserved 6082560K, committed 122880K, used 107531K [0x000000068cc00000, 0x0000000800000000)
  region size 4M, 17 eden (68M), 0 survivor (0M), 9 old (36M), 2 humongous (8M), 2 free (8M)
}
Event: 573.064 {heap After GC invocations=127 (full 10):
 garbage-first heap   total reserved 6082560K, committed 122880K, used 42143K [0x000000068cc00000, 0x0000000800000000)
  region size 4M, 0 eden (0M), 1 survivor (4M), 9 old (36M), 2 humongous (8M), 18 free (72M)
}

Metaspace Usage History (20 events):
Event: 556.352 {metaspace Before GC invocations=117 (full 9):
 Metaspace       used 12974K, committed 13440K, reserved 1114112K
  class space    used 637K, committed 832K, reserved 1048576K
}
Event: 556.353 {metaspace After GC invocations=118 (full 9):
 Metaspace       used 12974K, committed 13440K, reserved 1114112K
  class space    used 637K, committed 832K, reserved 1048576K
}
Event: 558.462 {metaspace Before GC invocations=118 (full 9):
 Metaspace       used 12974K, committed 13440K, reserved 1114112K
  class space    used 637K, committed 832K, reserved 1048576K
}
Event: 558.463 {metaspace After GC invocations=119 (full 9):
 Metaspace       used 12974K, committed 13440K, reserved 1114112K
  class space    used 637K, committed 832K, reserved 1048576K
}
Event: 560.262 {metaspace Before GC invocations=119 (full 9):
 Metaspace       used 12974K, committed 13440K, reserved 1114112K
  class space    used 637K, committed 832K, reserved 1048576K
}
Event: 560.263 {metaspace After GC invocations=120 (full 9):
 Metaspace       used 12974K, committed 13440K, reserved 1114112K
  class space    used 637K, committed 832K, reserved 1048576K
}
Event: 562.233 {metaspace Before GC invocations=120 (full 9):
 Metaspace       used 12974K, committed 13440K, reserved 1114112K
  class space    used 637K, committed 832K, reserved 1048576K
}
Event: 562.234 {metaspace After GC invocations=121 (full 9):
 Metaspace       used 12974K, committed 13440K, reserved 1114112K
  class space    used 637K, committed 832K, reserved 1048576K
}
Event: 564.118 {metaspace Before GC invocations=121 (full 9):
 Metaspace       used 12974K, committed 13440K, reserved 1114112K
  class space    used 637K, committed 832K, reserved 1048576K
}
Event: 564.119 {metaspace After GC invocations=122 (full 9):
 Metaspace       used 12974K, committed 13440K, reserved 1114112K
  class space    used 637K, committed 832K, reserved 1048576K
}
Event: 565.776 {metaspace Before GC invocations=122 (full 9):
 Metaspace       used 12974K, committed 13440K, reserved 1114112K
  class space    used 637K, committed 832K, reserved 1048576K
}
Event: 565.777 {metaspace After GC invocations=123 (full 9):
 Metaspace       used 12974K, committed 13440K, reserved 1114112K
  class space    used 637K, committed 832K, reserved 1048576K
}
Event: 567.476 {metaspace Before GC invocations=123 (full 9):
 Metaspace       used 12984K, committed 13440K, reserved 1114112K
  class space    used 637K, committed 832K, reserved 1048576K
}
Event: 567.477 {metaspace After GC invocations=124 (full 9):
 Metaspace       used 12984K, committed 13440K, reserved 1114112K
  class space    used 637K, committed 832K, reserved 1048576K
}
Event: 569.356 {metaspace Before GC invocations=124 (full 9):
 Metaspace       used 12984K, committed 13440K, reserved 1114112K
  class space    used 637K, committed 832K, reserved 1048576K
}
Event: 569.357 {metaspace After GC invocations=125 (full 9):
 Metaspace       used 12984K, committed 13440K, reserved 1114112K
  class space    used 637K, committed 832K, reserved 1048576K
}
Event: 571.000 {metaspace Before GC invocations=125 (full 9):
 Metaspace       used 12984K, committed 13440K, reserved 1114112K
  class space    used 637K, committed 832K, reserved 1048576K
}
Event: 571.051 {metaspace After GC invocations=126 (full 10):
 Metaspace       used 12984K, committed 13440K, reserved 1114112K
  class space    used 637K, committed 832K, reserved 1048576K
}
Event: 573.060 {metaspace Before GC invocations=126 (full 10):
 Metaspace       used 12997K, committed 13440K, reserved 1114112K
  class space    used 637K, committed 832K, reserved 1048576K
}
Event: 573.064 {metaspace After GC invocations=127 (full 10):
 Metaspace       used 12997K, committed 13440K, reserved 1114112K
  class space    used 637K, committed 832K, reserved 1048576K
}

Dll operation events (20 events):
Event: 1.084 Attempting to load shared library /tmp/.mount_NexirapBkhGo/usr/lib/libmanagement_ext.so
Event: 1.085 Loaded shared library /tmp/.mount_NexirapBkhGo/usr/lib/libmanagement_ext.so
Event: 1.815 Attempting to load shared library dbus-1
Event: 1.815 Loading shared library dbus-1 failed, dbus-1: cannot open shared object file: No such file or directory
Event: 1.816 Attempting to load shared library dbus-1.so.3
Event: 1.826 Loading shared library dbus-1.so.3 failed, dbus-1.so.3: cannot open shared object file: No such file or directory
Event: 1.826 Attempting to load shared library libdbus-1.so.3
Event: 1.826 Loaded shared library libdbus-1.so.3
Event: 1.831 Attempting to load shared library dbus-1
Event: 1.831 Loading shared library dbus-1 failed, dbus-1: cannot open shared object file: No such file or directory
Event: 1.831 Attempting to load shared library dbus-1.so.3
Event: 1.831 Loading shared library dbus-1.so.3 failed, dbus-1.so.3: cannot open shared object file: No such file or directory
Event: 1.831 Attempting to load shared library libdbus-1.so.3
Event: 1.831 Loaded shared library libdbus-1.so.3
Event: 1.920 Attempting to load shared library dbus-1
Event: 1.920 Loading shared library dbus-1 failed, dbus-1: cannot open shared object file: No such file or directory
Event: 1.920 Attempting to load shared library dbus-1.so.3
Event: 1.921 Loading shared library dbus-1.so.3 failed, dbus-1.so.3: cannot open shared object file: No such file or directory
Event: 1.921 Attempting to load shared library libdbus-1.so.3
Event: 1.921 Loaded shared library libdbus-1.so.3

Deoptimization events (20 events):
Event: 936.714 Thread 0x00007f31ac7e6090 Uncommon trap: trap_request=0xffffff45 fr.pc=0x00007f31a1550bf8 relative=0x00000000000001f8
Event: 936.714 Thread 0x00007f31ac7e6090 Uncommon trap: reason=unstable_if action=reinterpret pc=0x00007f31a1550bf8 method=java.util.HashMap.clear()V @ 16 c2
Event: 936.714 Thread 0x00007f31ac7e6090 DEOPT PACKING pc=0x00007f31a1550bf8 sp=0x00007f31743b13f0
Event: 936.714 Thread 0x00007f31ac7e6090 DEOPT UNPACKING pc=0x00007f31a0c5ee79 sp=0x00007f31743b12e0 mode 2
Event: 936.715 Thread 0x00007f31acf41340 Uncommon trap: trap_request=0xffffff45 fr.pc=0x00007f31a159ccc4 relative=0x0000000000000744
Event: 936.715 Thread 0x0000562b5209b270 Uncommon trap: trap_request=0xffffff45 fr.pc=0x00007f31a15a5cec relative=0x0000000000000aec
Event: 936.715 Thread 0x00007f31acf41340 Uncommon trap: reason=unstable_if action=reinterpret pc=0x00007f31a159ccc4 method=kotlinx.coroutines.scheduling.CoroutineScheduler.parkedWorkersStackNextIndex(Lkotlinx/coroutines/scheduling/CoroutineScheduler$Worker;)I @ 17 c2
Event: 936.715 Thread 0x0000562b5209b270 Uncommon trap: reason=unstable_if action=reinterpret pc=0x00007f31a15a5cec method=kotlinx.coroutines.scheduling.CoroutineScheduler.parkedWorkersStackNextIndex(Lkotlinx/coroutines/scheduling/CoroutineScheduler$Worker;)I @ 17 c2
Event: 936.715 Thread 0x00007f31acf41340 DEOPT PACKING pc=0x00007f31a159ccc4 sp=0x00007f31746b3ac0
Event: 936.715 Thread 0x00007f31acf41340 DEOPT UNPACKING pc=0x00007f31a0c5ee79 sp=0x00007f31746b3958 mode 2
Event: 936.715 Thread 0x0000562b5209b270 DEOPT PACKING pc=0x00007f31a15a5cec sp=0x00007f31752c08b0
Event: 936.715 Thread 0x0000562b5209b270 DEOPT UNPACKING pc=0x00007f31a0c5ee79 sp=0x00007f31752c0688 mode 2
Event: 936.715 Thread 0x00007f31ad3ba140 Uncommon trap: trap_request=0xffffff95 fr.pc=0x00007f31a1512370 relative=0x0000000000000770
Event: 936.715 Thread 0x00007f31ad3ba140 Uncommon trap: reason=unreached action=reinterpret pc=0x00007f31a1512370 method=kotlinx.coroutines.DispatchedTask.run()V @ 348 c2
Event: 936.715 Thread 0x00007f31ad3ba140 DEOPT PACKING pc=0x00007f31a1512370 sp=0x00007f31755e6760
Event: 936.715 Thread 0x00007f31ad3ba140 DEOPT UNPACKING pc=0x00007f31a0c5ee79 sp=0x00007f31755e6698 mode 2
Event: 936.715 Thread 0x00007f31ad3ba140 Uncommon trap: trap_request=0xffffff95 fr.pc=0x00007f31a15a4fec relative=0x00000000000000ec
Event: 936.715 Thread 0x00007f31ad3ba140 Uncommon trap: reason=unreached action=reinterpret pc=0x00007f31a15a4fec method=kotlinx.coroutines.scheduling.CoroutineScheduler.runSafely(Lkotlinx/coroutines/scheduling/Task;)V @ 22 c2
Event: 936.715 Thread 0x00007f31ad3ba140 DEOPT PACKING pc=0x00007f31a15a4fec sp=0x00007f31755e6840
Event: 936.715 Thread 0x00007f31ad3ba140 DEOPT UNPACKING pc=0x00007f31a0c5ee79 sp=0x00007f31755e67d0 mode 2

Classes loaded (20 events):
Event: 171.852 Loading class java/util/regex/PatternSyntaxException
Event: 171.854 Loading class java/util/regex/PatternSyntaxException done
Event: 171.862 Loading class java/io/UncheckedIOException
Event: 171.863 Loading class java/io/UncheckedIOException done
Event: 171.869 Loading class java/util/zip/GZIPInputStream
Event: 171.871 Loading class java/util/zip/GZIPInputStream done
Event: 171.872 Loading class java/nio/charset/IllegalCharsetNameException
Event: 171.874 Loading class java/nio/charset/IllegalCharsetNameException done
Event: 171.880 Loading class java/lang/invoke/InnerClassLambdaMetafactory$SerializationSupport
Event: 171.882 Loading class java/lang/invoke/InnerClassLambdaMetafactory$SerializationSupport done
Event: 171.882 Loading class java/lang/invoke/InnerClassLambdaMetafactory$4
Event: 171.882 Loading class java/lang/invoke/InnerClassLambdaMetafactory$4 done
Event: 171.882 Loading class jdk/internal/classfile/impl/AbstractPoolEntry$IntegerEntryImpl
Event: 171.882 Loading class java/lang/classfile/constantpool/IntegerEntry
Event: 171.883 Loading class java/lang/classfile/constantpool/IntegerEntry done
Event: 171.883 Loading class jdk/internal/classfile/impl/AbstractPoolEntry$IntegerEntryImpl done
Event: 573.531 Loading class java/awt/Container$MouseEventTargetFilter
Event: 573.534 Loading class java/awt/Container$EventTargetFilter
Event: 573.534 Loading class java/awt/Container$EventTargetFilter done
Event: 573.534 Loading class java/awt/Container$MouseEventTargetFilter done

Classes unloaded (6 events):
Event: 229.477 Thread 0x00007f31ac118e70 Unloading class 0x0000000073068c00 'java/lang/invoke/LambdaForm$MH+0x0000000073068c00'
Event: 229.477 Thread 0x00007f31ac118e70 Unloading class 0x0000000073065000 'java/lang/invoke/LambdaForm$MH+0x0000000073065000'
Event: 229.477 Thread 0x00007f31ac118e70 Unloading class 0x0000000073063000 'java/lang/invoke/LambdaForm$MH+0x0000000073063000'
Event: 229.477 Thread 0x00007f31ac118e70 Unloading class 0x000000007305fc00 'java/lang/invoke/LambdaForm$MH+0x000000007305fc00'
Event: 229.477 Thread 0x00007f31ac118e70 Unloading class 0x0000000073058000 'java/lang/invoke/LambdaForm$MH+0x0000000073058000'
Event: 229.477 Thread 0x00007f31ac118e70 Unloading class 0x0000000073053400 'java/lang/invoke/LambdaForm$MH+0x0000000073053400'

Classes redefined (0 events):
No events

Internal exceptions (20 events):
Event: 936.714 Thread 0x00007f31ac467470 Exception <a 'sun/nio/fs/UnixException'{0x00000006908a4260}> (0x00000006908a4260) 
thrown [src/hotspot/share/prims/jni.cpp, line 514]
Event: 936.714 Thread 0x00007f31ac7e6090 Implicit null exception at 0x00007f31a1550a4b to 0x00007f31a1550be4
Event: 936.714 Thread 0x00007f31ad622760 Exception <a 'sun/nio/fs/UnixException'{0x0000000690800a50}> (0x0000000690800a50) 
thrown [src/hotspot/share/prims/jni.cpp, line 514]
Event: 936.714 Thread 0x00007f31ac7e6090 Exception <a 'sun/nio/fs/UnixException'{0x0000000690ffc4d0}> (0x0000000690ffc4d0) 
thrown [src/hotspot/share/prims/jni.cpp, line 514]
Event: 936.714 Thread 0x00007f31ac467470 Exception <a 'sun/nio/fs/UnixException'{0x00000006908aa530}> (0x00000006908aa530) 
thrown [src/hotspot/share/prims/jni.cpp, line 514]
Event: 936.714 Thread 0x00007f31ada9da00 Exception <a 'sun/nio/fs/UnixException'{0x0000000690821aa8}> (0x0000000690821aa8) 
thrown [src/hotspot/share/prims/jni.cpp, line 514]
Event: 936.714 Thread 0x00007f31acf41340 Exception <a 'sun/nio/fs/UnixException'{0x0000000690905070}> (0x0000000690905070) 
thrown [src/hotspot/share/prims/jni.cpp, line 514]
Event: 936.715 Thread 0x00007f31acf41340 Implicit null exception at 0x00007f31a159c61f to 0x00007f31a159cc9c
Event: 936.715 Thread 0x0000562b5209b270 Implicit null exception at 0x00007f31a15a535a to 0x00007f31a15a5cb4
Event: 936.715 Thread 0x00007f31ad3ba140 Exception <a 'java/io/IOException'{0x0000000691754cb0}> (0x0000000691754cb0) 
thrown [src/hotspot/share/prims/jni.cpp, line 514]
Event: 936.715 Thread 0x00007f31ad3ba140 Exception <a 'java/lang/NoClassDefFoundError'{0x0000000691755578}: kotlinx/coroutines/channels/BufferedChannel$SendBroadcast> (0x0000000691755578) 
thrown [src/hotspot/share/classfile/systemDictionary.cpp, line 319]
Event: 936.715 Thread 0x00007f31ad3ba140 Exception <a 'java/io/IOException'{0x00000006917561c0}> (0x00000006917561c0) 
thrown [src/hotspot/share/prims/jni.cpp, line 514]
Event: 936.715 Thread 0x00007f31ad3ba140 Exception <a 'java/lang/NoClassDefFoundError'{0x00000006917567c8}: kotlinx/coroutines/CoroutinesInternalError> (0x00000006917567c8) 
thrown [src/hotspot/share/classfile/systemDictionary.cpp, line 319]
Event: 936.715 Thread 0x00007f31ad3ba140 Exception <a 'java/io/IOException'{0x00000006917574b8}> (0x00000006917574b8) 
thrown [src/hotspot/share/prims/jni.cpp, line 514]
Event: 936.715 Thread 0x00007f31ad3ba140 Exception <a 'java/lang/NoClassDefFoundError'{0x0000000691757ac0}: kotlinx/coroutines/CoroutineExceptionHandlerKt> (0x0000000691757ac0) 
thrown [src/hotspot/share/classfile/systemDictionary.cpp, line 319]
Event: 936.716 Thread 0x00007f31ad3ba140 Exception <a 'java/io/IOException'{0x00000006917590a0}> (0x00000006917590a0) 
thrown [src/hotspot/share/prims/jni.cpp, line 514]
Event: 936.716 Thread 0x00007f31ad3ba140 Exception <a 'java/lang/NoClassDefFoundError'{0x00000006917596a8}: ch/qos/logback/classic/spi/ThrowableProxy> (0x00000006917596a8) 
thrown [src/hotspot/share/classfile/systemDictionary.cpp, line 319]
Event: 936.716 Thread 0x00007f31ad3ba140 Exception <a 'java/lang/NoClassDefFoundError'{0x0000000691759de8}: ch/qos/logback/classic/spi/ThrowableProxy> (0x0000000691759de8) 
thrown [src/hotspot/share/oops/constantPool.cpp, line 1007]
Event: 936.909 Thread 0x00007f31ac467470 Exception <a 'sun/nio/fs/UnixException'{0x00000006908b66f0}> (0x00000006908b66f0) 
thrown [src/hotspot/share/prims/jni.cpp, line 514]
Event: 936.910 Thread 0x00007f31ac467470 Exception <a 'sun/nio/fs/UnixException'{0x00000006908b7368}> (0x00000006908b7368) 
thrown [src/hotspot/share/prims/jni.cpp, line 514]

VM Operations (20 events):
Event: 660.232 Executing non-safepoint VM operation: HandshakeAllThreads (DeflationHandshakeClosure) done
Event: 660.232 Executing non-safepoint VM operation: RendezvousGCThreads
Event: 660.232 Executing non-safepoint VM operation: RendezvousGCThreads done
Event: 720.245 Executing non-safepoint VM operation: HandshakeAllThreads (DeflationHandshakeClosure)
Event: 720.245 Executing non-safepoint VM operation: HandshakeAllThreads (DeflationHandshakeClosure) done
Event: 720.245 Executing non-safepoint VM operation: RendezvousGCThreads
Event: 720.245 Executing non-safepoint VM operation: RendezvousGCThreads done
Event: 780.258 Executing non-safepoint VM operation: HandshakeAllThreads (DeflationHandshakeClosure)
Event: 780.258 Executing non-safepoint VM operation: HandshakeAllThreads (DeflationHandshakeClosure) done
Event: 780.258 Executing non-safepoint VM operation: RendezvousGCThreads
Event: 780.258 Executing non-safepoint VM operation: RendezvousGCThreads done
Event: 840.271 Executing non-safepoint VM operation: HandshakeAllThreads (DeflationHandshakeClosure)
Event: 840.271 Executing non-safepoint VM operation: HandshakeAllThreads (DeflationHandshakeClosure) done
Event: 840.271 Executing non-safepoint VM operation: RendezvousGCThreads
Event: 840.271 Executing non-safepoint VM operation: RendezvousGCThreads done
Event: 900.283 Executing non-safepoint VM operation: HandshakeAllThreads (DeflationHandshakeClosure)
Event: 900.283 Executing non-safepoint VM operation: HandshakeAllThreads (DeflationHandshakeClosure) done
Event: 900.283 Executing non-safepoint VM operation: RendezvousGCThreads
Event: 900.283 Executing non-safepoint VM operation: RendezvousGCThreads done
Event: 936.910 Executing safepoint VM operation: Exit

Memory protections (20 events):
Event: 171.696 Protecting memory [0x00007f31742b3000,0x00007f31742b7000] with protection modes 0
Event: 171.867 Protecting memory [0x00007f3173dae000,0x00007f3173db2000] with protection modes 0
Event: 173.269 Protecting memory [0x00007f3173dae000,0x00007f3173db2000] with protection modes 0
Event: 220.032 Protecting memory [0x00007f3173dae000,0x00007f3173db2000] with protection modes 0
Event: 227.990 Protecting memory [0x00007f3173dae000,0x00007f3173db2000] with protection modes 0
Event: 319.533 Protecting memory [0x00007f31742b3000,0x00007f31742b7000] with protection modes 0
Event: 319.533 Protecting memory [0x00007f3174dbe000,0x00007f3174dc2000] with protection modes 0
Event: 320.037 Protecting memory [0x00007f3173fb0000,0x00007f3173fb4000] with protection modes 0
Event: 409.658 Protecting memory [0x00007f31742b3000,0x00007f31742b7000] with protection modes 0
Event: 936.712 Protecting memory [0x00007f3172b34000,0x00007f3172b38000] with protection modes 0
Event: 936.713 Protecting memory [0x00007f31742b3000,0x00007f31742b7000] with protection modes 0
Event: 936.713 Protecting memory [0x00007f3174dbe000,0x00007f3174dc2000] with protection modes 0
Event: 936.713 Protecting memory [0x00007f3173fb0000,0x00007f3173fb4000] with protection modes 0
Event: 936.713 Protecting memory [0x00007f3174ebf000,0x00007f3174ec3000] with protection modes 0
Event: 936.713 Protecting memory [0x00007f3174bbc000,0x00007f3174bc0000] with protection modes 0
Event: 936.713 Protecting memory [0x00007f31755f9000,0x00007f31755fd000] with protection modes 0
Event: 936.713 Protecting memory [0x00007f3173dae000,0x00007f3173db2000] with protection modes 0
Event: 936.713 Protecting memory [0x00007f31741b2000,0x00007f31741b6000] with protection modes 0
Event: 936.713 Protecting memory [0x00007f31750c1000,0x00007f31750c5000] with protection modes 0
Event: 936.713 Protecting memory [0x00007f31745b6000,0x00007f31745ba000] with protection modes 0

Nmethod flushes (20 events):
Event: 571.023 Thread 0x00007f31ac118e70 flushing  nmethod 0x00007f31a1437608
Event: 571.023 Thread 0x00007f31ac118e70 flushing  nmethod 0x00007f31a1515788
Event: 571.023 Thread 0x00007f31ac118e70 flushing  nmethod 0x00007f31a151d088
Event: 571.023 Thread 0x00007f31ac118e70 flushing  nmethod 0x00007f31a1520708
Event: 571.023 Thread 0x00007f31ac118e70 flushing  nmethod 0x00007f3199617588
Event: 571.023 Thread 0x00007f31ac118e70 flushing  nmethod 0x00007f31996fec08
Event: 571.023 Thread 0x00007f31ac118e70 flushing  nmethod 0x00007f31998aae88
Event: 571.023 Thread 0x00007f31ac118e70 flushing  nmethod 0x00007f31999b6288
Event: 571.023 Thread 0x00007f31ac118e70 flushing  nmethod 0x00007f3199a24508
Event: 571.023 Thread 0x00007f31ac118e70 flushing  nmethod 0x00007f3199ad6a88
Event: 571.023 Thread 0x00007f31ac118e70 flushing  nmethod 0x00007f3199bac588
Event: 571.023 Thread 0x00007f31ac118e70 flushing  nmethod 0x00007f3199d2f088
Event: 571.023 Thread 0x00007f31ac118e70 flushing  nmethod 0x00007f3199d2f388
Event: 571.023 Thread 0x00007f31ac118e70 flushing  nmethod 0x00007f3199e52088
Event: 571.023 Thread 0x00007f31ac118e70 flushing  nmethod 0x00007f319a14d688
Event: 571.023 Thread 0x00007f31ac118e70 flushing  nmethod 0x00007f319a150108
Event: 571.023 Thread 0x00007f31ac118e70 flushing  nmethod 0x00007f319a150408
Event: 571.023 Thread 0x00007f31ac118e70 flushing  nmethod 0x00007f319a1c3e08
Event: 571.023 Thread 0x00007f31ac118e70 flushing  nmethod 0x00007f319a347088
Event: 571.023 Thread 0x00007f31ac118e70 flushing  nmethod 0x00007f319a34b508

Events (20 events):
Event: 936.713 Thread 0x0000562b50d0c920 Thread added: 0x00007f31ada9da00
Event: 936.713 Thread 0x0000562b50d0c920 Thread added: 0x00007f31ad9bbac0
Event: 936.713 Thread 0x0000562b50d0c920 Thread added: 0x00007f31ad7f7f90
Event: 936.713 Thread 0x0000562b50d0c920 Thread added: 0x00007f31ad8dcc50
Event: 936.713 Thread 0x0000562b50d0c920 Thread added: 0x00007f31ac467470
Event: 936.713 Thread 0x0000562b50d0c920 Thread added: 0x00007f31acea4210
Event: 936.713 Thread 0x0000562b50d0c920 Thread added: 0x00007f31acf41340
Event: 936.713 Thread 0x00007f31acea4210 Thread exited: 0x00007f31acea4210
Event: 936.714 Thread 0x00007f31ad9bbac0 Thread exited: 0x00007f31ad9bbac0
Event: 936.714 Thread 0x00007f31ad8dcc50 Thread exited: 0x00007f31ad8dcc50
Event: 936.714 Thread 0x00007f31ad7f7f90 Thread exited: 0x00007f31ad7f7f90
Event: 936.714 Thread 0x00007f31ada9d140 Thread exited: 0x00007f31ada9d140
Event: 936.715 Thread 0x00007f31ac7e6090 Thread exited: 0x00007f31ac7e6090
Event: 936.715 Thread 0x00007f31acf41340 Thread exited: 0x00007f31acf41340
Event: 936.716 Thread 0x00007f31ad3ba140 Thread exited: 0x00007f31ad3ba140
Event: 936.909 Thread 0x00007f31ad622760 Thread exited: 0x00007f31ad622760
Event: 936.910 Thread 0x00007f31ac467470 Thread exited: 0x00007f31ac467470
Event: 936.910 Thread 0x00007f31ada9da00 Thread exited: 0x00007f31ada9da00
Event: 936.910 Thread 0x0000562b50d0c920 Before exit entered
Event: 936.910 Thread 0x0000562b50d0c920 JVMTI - enter dead phase


Dynamic libraries:
6d000000-6d001000 ---p 00000000 00:00 0 
6d001000-6dc9c000 rw-p 00001000 00:51 6812                               /usr/lib/server/classes.jsa
6dc9c000-727f2000 rw-p 00001000 00:1e 62815938                           /home/haru/.local/share/nexira/app-2.4.0-nightly1502-33ae6ee66881.jsa
727f2000-73000000 ---p 00000000 00:00 0 
73000000-73020000 rw-p 00000000 00:00 0 
73020000-73040000 ---p 00000000 00:00 0 
73040000-730f0000 rw-p 00000000 00:00 0 
730f0000-b3000000 ---p 00000000 00:00 0 
68cc00000-694400000 rw-p 00000000 00:00 0 
694400000-800000000 ---p 00000000 00:00 0 
562b1262c000-562b1262d000 r--p 00000000 00:51 130                        /usr/bin/java
562b1262d000-562b1262e000 r-xp 00001000 00:51 130                        /usr/bin/java
562b1262e000-562b1262f000 r--p 00002000 00:51 130                        /usr/bin/java
562b1262f000-562b12630000 r--p 00002000 00:51 130                        /usr/bin/java
562b12630000-562b12631000 rw-p 00003000 00:51 130                        /usr/bin/java
562b4fe25000-562b59ba7000 rw-p 00000000 00:00 0                          [heap]
7f316fe00000-7f3170600000 rw-s 116033000 00:11 2108                      anon_inode:i915.gem
7f3170800000-7f3170a00000 rw-s 152bbf000 00:11 2108                      anon_inode:i915.gem
7f3170a00000-7f3170c00000 rw-s 123833000 00:11 2108                      anon_inode:i915.gem
7f3170c00000-7f3170e00000 rw-s 14ab83000 00:11 2108                      anon_inode:i915.gem
7f3170e00000-7f3171600000 rw-s 14bd83000 00:11 2108                      anon_inode:i915.gem
7f3171600000-7f3172920000 r--p 00000000 00:1e 208334                     /usr/share/fonts/noto-cjk/NotoSansCJK-Bold.ttc
7f3172931000-7f3172932000 rw-p 00000000 00:00 0 
7f3172932000-7f3172936000 ---p 00000000 00:00 0 
7f3172936000-7f3172a33000 rw-p 00000000 00:00 0 
7f3172a33000-7f3172a37000 ---p 00000000 00:00 0 
7f3172a37000-7f3172b34000 rw-p 00000000 00:00 0 
7f3172b34000-7f3172b38000 ---p 00000000 00:00 0 
7f3172b38000-7f3172c35000 rw-p 00000000 00:00 0 
7f3172c35000-7f3172c39000 ---p 00000000 00:00 0 
7f3172c39000-7f3173d37000 rw-p 00000000 00:00 0 
7f31741b1000-7f31741b2000 rw-p 00000000 00:00 0 
7f31741b2000-7f31741b6000 ---p 00000000 00:00 0 
7f31741b6000-7f31742b2000 rw-p 00000000 00:00 0 
7f31743b3000-7f31743b4000 rw-p 00000000 00:00 0 
7f31743b4000-7f31743b8000 ---p 00000000 00:00 0 
7f31743b8000-7f31744b5000 rw-p 00000000 00:00 0 
7f31744b5000-7f31744b9000 ---p 00000000 00:00 0 
7f31744b9000-7f31745b5000 rw-p 00000000 00:00 0 
7f31746b6000-7f31746b7000 rw-p 00000000 00:00 0 
7f31746b7000-7f31746bb000 ---p 00000000 00:00 0 
7f31746bb000-7f31747b8000 rw-p 00000000 00:00 0 
7f31747b8000-7f31747bc000 ---p 00000000 00:00 0 
7f31747bc000-7f31748b8000 rw-p 00000000 00:00 0 
7f31749b9000-7f31749ba000 rw-p 00000000 00:00 0 
7f31749ba000-7f31749be000 ---p 00000000 00:00 0 
7f31749be000-7f3174abb000 rw-p 00000000 00:00 0 
7f3174abb000-7f3174abf000 ---p 00000000 00:00 0 
7f3174abf000-7f3174bbb000 rw-p 00000000 00:00 0 
7f3174cbc000-7f3174cbd000 rw-p 00000000 00:00 0 
7f3174cbd000-7f3174cc1000 ---p 00000000 00:00 0 
7f3174cc1000-7f3174dbe000 rw-p 00000000 00:00 0 
7f3174dbe000-7f3174dc2000 ---p 00000000 00:00 0 
7f3174dc2000-7f3174ebf000 rw-p 00000000 00:00 0 
7f3174ebf000-7f3174ec3000 ---p 00000000 00:00 0 
7f3174ec3000-7f3174fbf000 rw-p 00000000 00:00 0 
7f31751c1000-7f31751c2000 rw-p 00000000 00:00 0 
7f31751c2000-7f31751c6000 ---p 00000000 00:00 0 
7f31751c6000-7f31752c2000 rw-p 00000000 00:00 0 
7f31753e6000-7f31753e7000 rw-p 00000000 00:00 0 
7f31753e7000-7f31753eb000 ---p 00000000 00:00 0 
7f31753eb000-7f31754e7000 rw-p 00000000 00:00 0 
7f31755e8000-7f31755f8000 rw-s 1523df000 00:11 2108                      anon_inode:i915.gem
7f31756f9000-7f31756fa000 rw-p 00000000 00:00 0 
7f31756fa000-7f31756fe000 ---p 00000000 00:00 0 
7f31756fe000-7f31757fb000 rw-p 00000000 00:00 0 
7f31757fb000-7f31757ff000 ---p 00000000 00:00 0 
7f31757ff000-7f31758fb000 rw-p 00000000 00:00 0 
7f31758fb000-7f3175afb000 rw-s 106173000 00:11 2108                      anon_inode:i915.gem
7f3175afb000-7f3175afc000 rw-p 00000000 00:00 0 
7f3175afc000-7f3175b00000 ---p 00000000 00:00 0 
7f3175b00000-7f3175bfd000 rw-p 00000000 00:00 0 
7f3175bfd000-7f3175c01000 ---p 00000000 00:00 0 
7f3175c01000-7f3175cfe000 rw-p 00000000 00:00 0 
7f3175cfe000-7f3175d02000 ---p 00000000 00:00 0 
7f3175d02000-7f3176e00000 rw-p 00000000 00:00 0 
7f3176e00000-7f3177001000 rw-s 00000000 00:1e 45797934                   /home/haru/.cache/mesa_shader_cache/index
7f317700c000-7f317704c000 rw-s 101f0b000 00:11 2108                      anon_inode:i915.gem
7f317704c000-7f317708c000 rw-s 101a4d000 00:11 2108                      anon_inode:i915.gem
7f317708c000-7f3177090000 r--p 00000000 00:1e 7475409                    /usr/lib/libnss_mymachines.so.2
7f3177090000-7f31770e1000 r-xp 00004000 00:1e 7475409                    /usr/lib/libnss_mymachines.so.2
7f31770e1000-7f31770fb000 r--p 00055000 00:1e 7475409                    /usr/lib/libnss_mymachines.so.2
7f31770fb000-7f31770fe000 r--p 0006f000 00:1e 7475409                    /usr/lib/libnss_mymachines.so.2
7f31770fe000-7f31770ff000 rw-p 00072000 00:1e 7475409                    /usr/lib/libnss_mymachines.so.2
7f3177200000-7f3177400000 rw-s 1293a7000 00:11 2108                      anon_inode:i915.gem
7f3177400000-7f3179394000 r--p 00000000 00:1e 4479916                    /usr/lib/libicudata.so.78.3
7f3179394000-7f3179395000 r--p 01f93000 00:1e 4479916                    /usr/lib/libicudata.so.78.3
7f317939b000-7f317939f000 rw-s 146575000 00:11 2108                      anon_inode:i915.gem
7f31793a1000-7f31793a3000 r--p 00000000 00:1e 4181492                    /usr/lib/libXrandr.so.2.2.0
7f31793a3000-7f31793ac000 r-xp 00002000 00:1e 4181492                    /usr/lib/libXrandr.so.2.2.0
7f31793ac000-7f31793ae000 r--p 0000b000 00:1e 4181492                    /usr/lib/libXrandr.so.2.2.0
7f31793ae000-7f31793af000 r--p 0000c000 00:1e 4181492                    /usr/lib/libXrandr.so.2.2.0
7f31793af000-7f31793b0000 rw-p 0000d000 00:1e 4181492                    /usr/lib/libXrandr.so.2.2.0
7f31793b0000-7f31793d0000 rw-s 1021b3000 00:11 2108                      anon_inode:i915.gem
7f3179400000-7f3179448000 r--p 00000000 00:1e 4479931                    /usr/lib/libicuuc.so.78.3
7f3179448000-7f317959e000 r-xp 00048000 00:1e 4479931                    /usr/lib/libicuuc.so.78.3
7f317959e000-7f3179638000 r--p 0019e000 00:1e 4479931                    /usr/lib/libicuuc.so.78.3
7f3179638000-7f317964b000 r--p 00238000 00:1e 4479931                    /usr/lib/libicuuc.so.78.3
7f317964b000-7f317964c000 rw-p 0024b000 00:1e 4479931                    /usr/lib/libicuuc.so.78.3
7f317964c000-7f317964e000 rw-p 00000000 00:00 0 
7f317964f000-7f3179653000 rw-s 1554f5000 00:11 2108                      anon_inode:i915.gem
7f3179654000-7f3179664000 rw-s 14b873000 00:11 2108                      anon_inode:i915.gem
7f3179664000-7f3179667000 r--p 00000000 00:1e 7475410                    /usr/lib/libnss_resolve.so.2
7f3179667000-7f317969a000 r-xp 00003000 00:1e 7475410                    /usr/lib/libnss_resolve.so.2
7f317969a000-7f31796b2000 r--p 00036000 00:1e 7475410                    /usr/lib/libnss_resolve.so.2
7f31796b2000-7f31796b9000 r--p 0004e000 00:1e 7475410                    /usr/lib/libnss_resolve.so.2
7f31796b9000-7f31796ba000 rw-p 00055000 00:1e 7475410                    /usr/lib/libnss_resolve.so.2
7f31796ba000-7f31796da000 rw-s 1554d5000 00:11 2108                      anon_inode:i915.gem
7f317979a000-7f31797da000 rw-s 11b3a2000 00:11 2108                      anon_inode:i915.gem
7f31797da000-7f31797e7000 r--p 00000000 00:1e 4695055                    /usr/lib/libncursesw.so.6.6
7f31797e7000-7f317983f000 r-xp 0000d000 00:1e 4695055                    /usr/lib/libncursesw.so.6.6
7f317983f000-7f3179857000 r--p 00065000 00:1e 4695055                    /usr/lib/libncursesw.so.6.6
7f3179857000-7f317985c000 r--p 0007c000 00:1e 4695055                    /usr/lib/libncursesw.so.6.6
7f317985c000-7f317985d000 rw-p 00081000 00:1e 4695055                    /usr/lib/libncursesw.so.6.6
7f317985d000-7f3179877000 r--p 00000000 00:1e 5454357                    /usr/lib/libxml2.so.16.1.3
7f3179877000-7f3179975000 r-xp 0001a000 00:1e 5454357                    /usr/lib/libxml2.so.16.1.3
7f3179975000-7f31799bc000 r--p 00118000 00:1e 5454357                    /usr/lib/libxml2.so.16.1.3
7f31799bc000-7f31799c5000 r--p 0015f000 00:1e 5454357                    /usr/lib/libxml2.so.16.1.3
7f31799c5000-7f31799c6000 rw-p 00168000 00:1e 5454357                    /usr/lib/libxml2.so.16.1.3
7f31799c6000-7f31799c7000 rw-p 00000000 00:00 0 
7f31799c7000-7f31799cd000 r--p 00000000 00:1e 6086839                    /usr/lib/libedit.so.0.0.78
7f31799cd000-7f31799fe000 r-xp 00006000 00:1e 6086839                    /usr/lib/libedit.so.0.0.78
7f31799fe000-7f3179a0c000 r--p 00037000 00:1e 6086839                    /usr/lib/libedit.so.0.0.78
7f3179a0c000-7f3179a0f000 r--p 00044000 00:1e 6086839                    /usr/lib/libedit.so.0.0.78
7f3179a0f000-7f3179a10000 rw-p 00047000 00:1e 6086839                    /usr/lib/libedit.so.0.0.78
7f3179a10000-7f3179a13000 rw-p 00000000 00:00 0 
7f3179a13000-7f3179a2c000 r--p 00000000 00:1e 7616973                    /usr/lib/libSPIRV-Tools.so
7f3179a2c000-7f3179b75000 r-xp 00019000 00:1e 7616973                    /usr/lib/libSPIRV-Tools.so
7f3179b75000-7f3179bfc000 r--p 00162000 00:1e 7616973                    /usr/lib/libSPIRV-Tools.so
7f3179bfc000-7f3179bff000 r--p 001e9000 00:1e 7616973                    /usr/lib/libSPIRV-Tools.so
7f3179bff000-7f3179c00000 rw-p 001ec000 00:1e 7616973                    /usr/lib/libSPIRV-Tools.so
7f3179c00000-7f317df30000 r--p 00000000 00:1e 7143519                    /usr/lib/libLLVM.so.22.1
7f317df30000-7f31827f2000 r-xp 0432f000 00:1e 7143519                    /usr/lib/libLLVM.so.22.1
7f31827f2000-7f3182a1a000 r--p 08bf0000 00:1e 7143519                    /usr/lib/libLLVM.so.22.1
7f3182a1a000-7f3182a24000 rw-p 08e17000 00:1e 7143519                    /usr/lib/libLLVM.so.22.1
7f3182a24000-7f3182ad0000 rw-p 00000000 00:00 0 
7f3182ad0000-7f3182ad1000 r--p 00000000 00:1e 4392716                    /usr/lib/libnss_mdns_minimal.so.2
7f3182ad1000-7f3182ad4000 r-xp 00001000 00:1e 4392716                    /usr/lib/libnss_mdns_minimal.so.2
7f3182ad4000-7f3182ad5000 r--p 00004000 00:1e 4392716                    /usr/lib/libnss_mdns_minimal.so.2
7f3182ad5000-7f3182ad6000 r--p 00004000 00:1e 4392716                    /usr/lib/libnss_mdns_minimal.so.2
7f3182ad6000-7f3182ad7000 rw-p 00005000 00:1e 4392716                    /usr/lib/libnss_mdns_minimal.so.2
7f3182ad7000-7f3182ad9000 r--p 00000000 00:51 5244                       /usr/lib/libmanagement_ext.so
7f3182ad9000-7f3182adc000 r-xp 00002000 00:51 5244                       /usr/lib/libmanagement_ext.so
7f3182adc000-7f3182add000 r--p 00005000 00:51 5244                       /usr/lib/libmanagement_ext.so
7f3182add000-7f3182ade000 ---p 00006000 00:51 5244                       /usr/lib/libmanagement_ext.so
7f3182ade000-7f3182adf000 r--p 00006000 00:51 5244                       /usr/lib/libmanagement_ext.so
7f3182adf000-7f3182ae0000 rw-p 00007000 00:51 5244                       /usr/lib/libmanagement_ext.so
7f3182ae0000-7f3182af0000 rw-s 14d2d3000 00:11 2108                      anon_inode:i915.gem
7f3182af0000-7f3182af3000 r--p 00000000 00:1e 6365882                    /usr/lib/libdrm_intel.so.1.134.0
7f3182af3000-7f3182b0e000 r-xp 00003000 00:1e 6365882                    /usr/lib/libdrm_intel.so.1.134.0
7f3182b0e000-7f3182b18000 r--p 0001e000 00:1e 6365882                    /usr/lib/libdrm_intel.so.1.134.0
7f3182b18000-7f3182b19000 r--p 00028000 00:1e 6365882                    /usr/lib/libdrm_intel.so.1.134.0
7f3182b19000-7f3182b1a000 rw-p 00029000 00:1e 6365882                    /usr/lib/libdrm_intel.so.1.134.0
7f3182b1a000-7f3182b26000 r--p 00000000 00:1e 3305815                    /usr/lib/libzstd.so.1.5.7
7f3182b26000-7f3182bed000 r-xp 0000c000 00:1e 3305815                    /usr/lib/libzstd.so.1.5.7
7f3182bed000-7f3182bfe000 r--p 000d3000 00:1e 3305815                    /usr/lib/libzstd.so.1.5.7
7f3182bfe000-7f3182bff000 r--p 000e4000 00:1e 3305815                    /usr/lib/libzstd.so.1.5.7
7f3182bff000-7f3182c00000 rw-p 000e5000 00:1e 3305815                    /usr/lib/libzstd.so.1.5.7
7f3182c00000-7f3182c1a000 r--p 00000000 00:1e 7617268                    /usr/lib/libgallium-26.1.6-arch3.1.so
7f3182c1a000-7f3184be3000 r-xp 0001a000 00:1e 7617268                    /usr/lib/libgallium-26.1.6-arch3.1.so
7f3184be3000-7f3185e25000 r--p 01fe3000 00:1e 7617268                    /usr/lib/libgallium-26.1.6-arch3.1.so
7f3185e25000-7f3185f99000 r--p 03225000 00:1e 7617268                    /usr/lib/libgallium-26.1.6-arch3.1.so
7f3185f99000-7f3185fcf000 rw-p 03399000 00:1e 7617268                    /usr/lib/libgallium-26.1.6-arch3.1.so
7f3185fcf000-7f318619c000 rw-p 00000000 00:00 0 
7f318619c000-7f318619f000 r--p 00000000 00:51 5212                       /usr/lib/libmanagement.so
7f318619f000-7f31861a0000 r-xp 00003000 00:51 5212                       /usr/lib/libmanagement.so
7f31861a0000-7f31861a1000 r--p 00004000 00:51 5212                       /usr/lib/libmanagement.so
7f31861a1000-7f31861a2000 r--p 00004000 00:51 5212                       /usr/lib/libmanagement.so
7f31861a2000-7f31861a3000 rw-p 00005000 00:51 5212                       /usr/lib/libmanagement.so
7f31861a3000-7f31861aa000 r--s 00000000 00:1e 7596064                    /usr/lib/gconv/gconv-modules.cache
7f31861aa000-7f31861ac000 r--p 00000000 00:1e 4479986                    /usr/lib/libpciaccess.so.0.11.1
7f31861ac000-7f31861b1000 r-xp 00002000 00:1e 4479986                    /usr/lib/libpciaccess.so.0.11.1
7f31861b1000-7f31861b3000 r--p 00007000 00:1e 4479986                    /usr/lib/libpciaccess.so.0.11.1
7f31861b3000-7f31861b4000 r--p 00008000 00:1e 4479986                    /usr/lib/libpciaccess.so.0.11.1
7f31861b4000-7f31861b5000 rw-p 00009000 00:1e 4479986                    /usr/lib/libpciaccess.so.0.11.1
7f31861b5000-7f31861b7000 r--p 00000000 00:1e 7136445                    /usr/lib/libffi.so.8.4.1
7f31861b7000-7f31861bf000 r-xp 00002000 00:1e 7136445                    /usr/lib/libffi.so.8.4.1
7f31861bf000-7f31861c1000 r--p 0000a000 00:1e 7136445                    /usr/lib/libffi.so.8.4.1
7f31861c1000-7f31861c2000 r--p 0000b000 00:1e 7136445                    /usr/lib/libffi.so.8.4.1
7f31861c2000-7f31861c3000 rw-p 0000c000 00:1e 7136445                    /usr/lib/libffi.so.8.4.1
7f31861c3000-7f31861c6000 r--p 00000000 00:1e 6365879                    /usr/lib/libdrm_amdgpu.so.1.134.0
7f31861c6000-7f31861cd000 r-xp 00003000 00:1e 6365879                    /usr/lib/libdrm_amdgpu.so.1.134.0
7f31861cd000-7f31861cf000 r--p 0000a000 00:1e 6365879                    /usr/lib/libdrm_amdgpu.so.1.134.0
7f31861cf000-7f31861d0000 r--p 0000c000 00:1e 6365879                    /usr/lib/libdrm_amdgpu.so.1.134.0
7f31861d0000-7f31861d1000 rw-p 0000d000 00:1e 6365879                    /usr/lib/libdrm_amdgpu.so.1.134.0
7f31861d1000-7f31861d4000 r--p 00000000 00:1e 5845229                    /usr/lib/libelf-0.195.so
7f31861d4000-7f31861e8000 r-xp 00003000 00:1e 5845229                    /usr/lib/libelf-0.195.so
7f31861e8000-7f31861ec000 r--p 00017000 00:1e 5845229                    /usr/lib/libelf-0.195.so
7f31861ec000-7f31861ed000 r--p 0001b000 00:1e 5845229                    /usr/lib/libelf-0.195.so
7f31861ed000-7f31861ee000 rw-p 0001c000 00:1e 5845229                    /usr/lib/libelf-0.195.so
7f31861ee000-7f31861f5000 r--p 00000000 00:1e 4150453                    /usr/lib/libxcb-randr.so.0.1.0
7f31861f5000-7f31861fb000 r-xp 00007000 00:1e 4150453                    /usr/lib/libxcb-randr.so.0.1.0
7f31861fb000-7f31861fe000 r--p 0000d000 00:1e 4150453                    /usr/lib/libxcb-randr.so.0.1.0
7f31861fe000-7f31861ff000 r--p 00010000 00:1e 4150453                    /usr/lib/libxcb-randr.so.0.1.0
7f31861ff000-7f3186200000 rw-p 00011000 00:1e 4150453                    /usr/lib/libxcb-randr.so.0.1.0
7f3186200000-7f31865f2000 r--s 00000000 00:1e 7641527                    /var/cache/fontconfig/923e285e415b1073c8df160bee08820f-le64.cache-12
7f31865f5000-7f31865f6000 r--p 00000000 00:1e 4165120                    /usr/lib/libxshmfence.so.1.0.0
7f31865f6000-7f31865f7000 r-xp 00001000 00:1e 4165120                    /usr/lib/libxshmfence.so.1.0.0
7f31865f7000-7f31865f8000 r--p 00002000 00:1e 4165120                    /usr/lib/libxshmfence.so.1.0.0
7f31865f8000-7f31865f9000 r--p 00002000 00:1e 4165120                    /usr/lib/libxshmfence.so.1.0.0
7f31865f9000-7f31865fa000 rw-p 00003000 00:1e 4165120                    /usr/lib/libxshmfence.so.1.0.0
7f31865fa000-7f31865fd000 r--p 00000000 00:1e 4150474                    /usr/lib/libxcb-sync.so.1.0.0
7f31865fd000-7f3186600000 r-xp 00003000 00:1e 4150474                    /usr/lib/libxcb-sync.so.1.0.0
7f3186600000-7f3186601000 r--p 00006000 00:1e 4150474                    /usr/lib/libxcb-sync.so.1.0.0
7f3186601000-7f3186602000 r--p 00007000 00:1e 4150474                    /usr/lib/libxcb-sync.so.1.0.0
7f3186602000-7f3186603000 rw-p 00008000 00:1e 4150474                    /usr/lib/libxcb-sync.so.1.0.0
7f3186603000-7f3186605000 r--p 00000000 00:1e 4165176                    /usr/lib/libsensors.so.5.0.0
7f3186605000-7f318660f000 r-xp 00002000 00:1e 4165176                    /usr/lib/libsensors.so.5.0.0
7f318660f000-7f3186613000 r--p 0000c000 00:1e 4165176                    /usr/lib/libsensors.so.5.0.0
7f3186613000-7f3186614000 r--p 00010000 00:1e 4165176                    /usr/lib/libsensors.so.5.0.0
7f3186614000-7f3186615000 rw-p 00011000 00:1e 4165176                    /usr/lib/libsensors.so.5.0.0
7f3186615000-7f3186618000 r--p 00000000 00:1e 4150480                    /usr/lib/libxcb-xfixes.so.0.0.0
7f3186618000-7f318661b000 r-xp 00003000 00:1e 4150480                    /usr/lib/libxcb-xfixes.so.0.0.0
7f318661b000-7f318661c000 r--p 00006000 00:1e 4150480                    /usr/lib/libxcb-xfixes.so.0.0.0
7f318661c000-7f318661d000 r--p 00007000 00:1e 4150480                    /usr/lib/libxcb-xfixes.so.0.0.0
7f318661d000-7f318661e000 rw-p 00008000 00:1e 4150480                    /usr/lib/libxcb-xfixes.so.0.0.0
7f318661e000-7f318661f000 r--p 00000000 00:1e 4150450                    /usr/lib/libxcb-present.so.0.0.0
7f318661f000-7f3186620000 r-xp 00001000 00:1e 4150450                    /usr/lib/libxcb-present.so.0.0.0
7f3186620000-7f3186621000 r--p 00002000 00:1e 4150450                    /usr/lib/libxcb-present.so.0.0.0
7f3186621000-7f3186622000 r--p 00002000 00:1e 4150450                    /usr/lib/libxcb-present.so.0.0.0
7f3186622000-7f3186623000 rw-p 00003000 00:1e 4150450                    /usr/lib/libxcb-present.so.0.0.0
7f3186623000-7f3186625000 r--p 00000000 00:1e 4150444                    /usr/lib/libxcb-dri3.so.0.1.0
7f3186625000-7f3186627000 r-xp 00002000 00:1e 4150444                    /usr/lib/libxcb-dri3.so.0.1.0
7f3186627000-7f3186628000 r--p 00004000 00:1e 4150444                    /usr/lib/libxcb-dri3.so.0.1.0
7f3186628000-7f3186629000 r--p 00004000 00:1e 4150444                    /usr/lib/libxcb-dri3.so.0.1.0
7f3186629000-7f318662a000 rw-p 00005000 00:1e 4150444                    /usr/lib/libxcb-dri3.so.0.1.0
7f318662a000-7f318662b000 r--p 00000000 00:1e 4150471                    /usr/lib/libxcb-shm.so.0.0.0
7f318662b000-7f318662c000 r-xp 00001000 00:1e 4150471                    /usr/lib/libxcb-shm.so.0.0.0
7f318662c000-7f318662d000 r--p 00002000 00:1e 4150471                    /usr/lib/libxcb-shm.so.0.0.0
7f318662d000-7f318662e000 r--p 00002000 00:1e 4150471                    /usr/lib/libxcb-shm.so.0.0.0
7f318662e000-7f318662f000 rw-p 00003000 00:1e 4150471                    /usr/lib/libxcb-shm.so.0.0.0
7f318662f000-7f3186630000 r--p 00000000 00:1e 4165130                    /usr/lib/libXxf86vm.so.1.0.0
7f3186630000-7f3186634000 r-xp 00001000 00:1e 4165130                    /usr/lib/libXxf86vm.so.1.0.0
7f3186634000-7f3186635000 r--p 00005000 00:1e 4165130                    /usr/lib/libXxf86vm.so.1.0.0
7f3186635000-7f3186636000 r--p 00005000 00:1e 4165130                    /usr/lib/libXxf86vm.so.1.0.0
7f3186636000-7f3186637000 rw-p 00006000 00:1e 4165130                    /usr/lib/libXxf86vm.so.1.0.0
7f3186637000-7f3186638000 r--p 00000000 00:1e 4152860                    /usr/lib/libX11-xcb.so.1.0.0
7f3186638000-7f3186639000 r-xp 00001000 00:1e 4152860                    /usr/lib/libX11-xcb.so.1.0.0
7f3186639000-7f318663a000 r--p 00002000 00:1e 4152860                    /usr/lib/libX11-xcb.so.1.0.0
7f318663a000-7f318663b000 r--p 00002000 00:1e 4152860                    /usr/lib/libX11-xcb.so.1.0.0
7f318663b000-7f318663c000 rw-p 00003000 00:1e 4152860                    /usr/lib/libX11-xcb.so.1.0.0
7f318663c000-7f3186648000 r--p 00000000 00:1e 4150447                    /usr/lib/libxcb-glx.so.0.0.0
7f3186648000-7f3186651000 r-xp 0000c000 00:1e 4150447                    /usr/lib/libxcb-glx.so.0.0.0
7f3186651000-7f3186656000 r--p 00015000 00:1e 4150447                    /usr/lib/libxcb-glx.so.0.0.0
7f3186656000-7f3186658000 r--p 0001a000 00:1e 4150447                    /usr/lib/libxcb-glx.so.0.0.0
7f3186658000-7f3186659000 rw-p 0001c000 00:1e 4150447                    /usr/lib/libxcb-glx.so.0.0.0
7f3186659000-7f318665e000 r--p 00000000 00:1e 6365876                    /usr/lib/libdrm.so.2.134.0
7f318665e000-7f318666c000 r-xp 00005000 00:1e 6365876                    /usr/lib/libdrm.so.2.134.0
7f318666c000-7f3186670000 r--p 00013000 00:1e 6365876                    /usr/lib/libdrm.so.2.134.0
7f3186670000-7f3186671000 r--p 00017000 00:1e 6365876                    /usr/lib/libdrm.so.2.134.0
7f3186671000-7f3186672000 rw-p 00018000 00:1e 6365876                    /usr/lib/libdrm.so.2.134.0
7f3186672000-7f3186677000 r--p 00000000 00:1e 7617267                    /usr/lib/libGLX_mesa.so.0.0.0
7f3186677000-7f31866b8000 r-xp 00005000 00:1e 7617267                    /usr/lib/libGLX_mesa.so.0.0.0
7f31866b8000-7f31866c9000 r--p 00046000 00:1e 7617267                    /usr/lib/libGLX_mesa.so.0.0.0
7f31866c9000-7f31866cd000 r--p 00056000 00:1e 7617267                    /usr/lib/libGLX_mesa.so.0.0.0
7f31866cd000-7f31866ce000 rw-p 0005a000 00:1e 7617267                    /usr/lib/libGLX_mesa.so.0.0.0
7f31866ce000-7f31866cf000 r--p 00000000 00:51 5020                       /usr/lib/libjawt.so
7f31866cf000-7f31866d0000 r-xp 00001000 00:51 5020                       /usr/lib/libjawt.so
7f31866d0000-7f31866d1000 r--p 00002000 00:51 5020                       /usr/lib/libjawt.so
7f31866d1000-7f31866d2000 r--p 00002000 00:51 5020                       /usr/lib/libjawt.so
7f31866d2000-7f31866d3000 rw-p 00003000 00:51 5020                       /usr/lib/libjawt.so
7f31866d3000-7f31866d6000 r--s 00000000 00:1e 7143372                    /var/cache/fontconfig/e552019f4ed2e530c25d313cf4ffa813-le64.cache-12
7f31866d6000-7f31866e1000 r--s 00000000 00:1e 7143370                    /var/cache/fontconfig/7d660be5d4eca970fa91d6ca176f5ce2-le64.cache-12
7f31866e1000-7f31866e9000 r--s 00000000 00:1e 7143368                    /var/cache/fontconfig/a9166a13c4a4e072c9ea2dae19ae425f-le64.cache-12
7f31866e9000-7f31866fa000 r--s 00000000 00:1e 7143364                    /var/cache/fontconfig/035f0ebf2f86af269427f030f354ef4b-le64.cache-12
7f31866fa000-7f318670a000 r--s 00000000 00:1e 7143362                    /var/cache/fontconfig/f2e61d441ca43dbfffafb9d0f2c6d8fc-le64.cache-12
7f318670a000-7f3186733000 r--s 00000000 00:1e 7143360                    /var/cache/fontconfig/f2e43df3287529323e79e7929dc44cc9-le64.cache-12
7f3186733000-7f3186739000 r--s 00000000 00:1e 7143354                    /var/cache/fontconfig/b67b32625a2bb51b023d3814a918f351-le64.cache-12
7f3186739000-7f31867a7000 r--s 00000000 00:1e 7143344                    /var/cache/fontconfig/f6b893a7224233d96cb72fd88691c0b4-le64.cache-12
7f31867a7000-7f3186cac000 rw-p 00000000 00:00 0 
7f3186d22000-7f3186da2000 rw-s 141807000 00:11 2108                      anon_inode:i915.gem
7f3186da2000-7f3186daa000 rw-s 102403000 00:11 2108                      anon_inode:i915.gem
7f3186db4000-7f3186dc4000 rw-s 124980000 00:11 2108                      anon_inode:i915.gem
7f3186e04000-7f3186e44000 rw-s 11ed90000 00:11 2108                      anon_inode:i915.gem
7f3186e44000-7f3186e54000 rw-s 109c93000 00:11 2108                      anon_inode:i915.gem
7f3186e54000-7f3186e94000 rw-s 14da06000 00:11 2108                      anon_inode:i915.gem
7f3186e94000-7f3186ea4000 rw-s 1203c4000 00:11 2108                      anon_inode:i915.gem
7f3186ea4000-7f3186f52000 r--p 00000000 00:1e 5171197                    /usr/share/fonts/TTF/DejaVuSans-Bold.ttf
7f3186f52000-7f3186f62000 rw-s 121c61000 00:11 2108                      anon_inode:i915.gem
7f3186f7a000-7f3186f8a000 rw-s 12d776000 00:11 2108                      anon_inode:i915.gem
7f3186f8a000-7f3186fca000 rw-s 1444a3000 00:11 2108                      anon_inode:i915.gem
7f318702f000-7f3187030000 rw-s 00000000 00:01 3871159                    /memfd:xshmfence (deleted)
7f3187036000-7f3187056000 rw-s 145b43000 00:11 2108                      anon_inode:i915.gem
7f3187056000-7f318705a000 rw-s 1232df000 00:11 2108                      anon_inode:i915.gem
7f318705a000-7f318707a000 rw-s 1523bf000 00:11 2108                      anon_inode:i915.gem
7f318707a000-7f318707e000 rw-s 100603000 00:11 2108                      anon_inode:i915.gem
7f318707e000-7f318709e000 rw-s 146555000 00:11 2108                      anon_inode:i915.gem
7f318709e000-7f318709f000 rw-s 00000000 00:01 3868142                    /memfd:xshmfence (deleted)
7f318709f000-7f31870a1000 rw-s 1232db000 00:11 2108                      anon_inode:i915.gem
7f31870a1000-7f31870a3000 rw-s 11d813000 00:11 2108                      anon_inode:i915.gem
7f31870a3000-7f31870a4000 rw-s 101b13000 00:11 2108                      anon_inode:i915.gem
7f31870a5000-7f31870ad000 rw-s 1232c3000 00:11 2108                      anon_inode:i915.gem
7f31870ad000-7f31874ae000 rw-p 00000000 00:00 0 
7f31874ae000-7f31874c3000 r--p 00000000 00:1e 7475414                    /usr/lib/libsystemd.so.0.44.0
7f31874c3000-7f318759c000 r-xp 00015000 00:1e 7475414                    /usr/lib/libsystemd.so.0.44.0
7f318759c000-7f31875eb000 r--p 000ee000 00:1e 7475414                    /usr/lib/libsystemd.so.0.44.0
7f31875eb000-7f31875f4000 r--p 0013c000 00:1e 7475414                    /usr/lib/libsystemd.so.0.44.0
7f31875f4000-7f31875f5000 rw-p 00145000 00:1e 7475414                    /usr/lib/libsystemd.so.0.44.0
7f31875f5000-7f31875f6000 rw-p 00000000 00:00 0 
7f31875f6000-7f3187604000 r--p 00000000 00:1e 4164332                    /usr/lib/libdbus-1.so.3.38.3
7f3187604000-7f318763a000 r-xp 0000e000 00:1e 4164332                    /usr/lib/libdbus-1.so.3.38.3
7f318763a000-7f318764c000 r--p 00044000 00:1e 4164332                    /usr/lib/libdbus-1.so.3.38.3
7f318764c000-7f318764e000 r--p 00055000 00:1e 4164332                    /usr/lib/libdbus-1.so.3.38.3
7f318764e000-7f318764f000 rw-p 00057000 00:1e 4164332                    /usr/lib/libdbus-1.so.3.38.3
7f318764f000-7f3187650000 rw-p 00000000 00:00 0 
7f3187650000-7f3187654000 ---p 00000000 00:00 0 
7f3187654000-7f3187751000 rw-p 00000000 00:00 0 
7f3187751000-7f3187755000 ---p 00000000 00:00 0 
7f3187755000-7f3187852000 rw-p 00000000 00:00 0 
7f3187852000-7f3187856000 ---p 00000000 00:00 0 
7f3187856000-7f3187952000 rw-p 00000000 00:00 0 
7f3187952000-7f3187953000 r--p 00000000 00:1e 4156757                    /usr/lib/libbrotlicommon.so.1.2.0
7f3187953000-7f3187954000 r-xp 00001000 00:1e 4156757                    /usr/lib/libbrotlicommon.so.1.2.0
7f3187954000-7f3187973000 r--p 00002000 00:1e 4156757                    /usr/lib/libbrotlicommon.so.1.2.0
7f3187973000-7f3187974000 r--p 00021000 00:1e 4156757                    /usr/lib/libbrotlicommon.so.1.2.0
7f3187974000-7f3187975000 rw-p 00022000 00:1e 4156757                    /usr/lib/libbrotlicommon.so.1.2.0
7f3187975000-7f318797b000 r--p 00000000 00:1e 7142946                    /usr/lib/libpng16.so.16.58.0
7f318797b000-7f31879bd000 r-xp 00006000 00:1e 7142946                    /usr/lib/libpng16.so.16.58.0
7f31879bd000-7f31879c8000 r--p 00048000 00:1e 7142946                    /usr/lib/libpng16.so.16.58.0
7f31879c8000-7f31879c9000 r--p 00053000 00:1e 7142946                    /usr/lib/libpng16.so.16.58.0
7f31879c9000-7f31879ca000 rw-p 00054000 00:1e 7142946                    /usr/lib/libpng16.so.16.58.0
7f31879ca000-7f31879ce000 r--p 00000000 00:1e 7475263                    /usr/lib/libgcc_s.so.1
7f31879ce000-7f31879fa000 r-xp 00004000 00:1e 7475263                    /usr/lib/libgcc_s.so.1
7f31879fa000-7f31879fe000 r--p 00030000 00:1e 7475263                    /usr/lib/libgcc_s.so.1
7f31879fe000-7f31879ff000 r--p 00034000 00:1e 7475263                    /usr/lib/libgcc_s.so.1
7f31879ff000-7f3187a00000 rw-p 00035000 00:1e 7475263                    /usr/lib/libgcc_s.so.1
7f3187a00000-7f3187a9a000 r--p 00000000 00:1e 7475291                    /usr/lib/libstdc++.so.6.0.36
7f3187a9a000-7f3187c77000 r-xp 0009a000 00:1e 7475291                    /usr/lib/libstdc++.so.6.0.36
7f3187c77000-7f3187d16000 r--p 00277000 00:1e 7475291                    /usr/lib/libstdc++.so.6.0.36
7f3187d16000-7f3187d27000 r--p 00316000 00:1e 7475291                    /usr/lib/libstdc++.so.6.0.36
7f3187d27000-7f3187d28000 rw-p 00327000 00:1e 7475291                    /usr/lib/libstdc++.so.6.0.36
7f3187d28000-7f3187d2c000 rw-p 00000000 00:00 0 
7f3187d2c000-7f3187d2d000 rw-s 00000000 00:01 3871875                    /memfd:xshmfence (deleted)
7f3187d2d000-7f3187d3d000 r--s 00000000 00:1e 7143352                    /var/cache/fontconfig/491f45a0a771fef1c10b9b647a97fb82-le64.cache-12
7f3187d3d000-7f3187d49000 r--s 00000000 00:1e 7143340                    /var/cache/fontconfig/4b31aef11cb0687b6d280d34cbe23592-le64.cache-12
7f3187d49000-7f3187d4b000 r--p 00000000 00:1e 7138083                    /usr/lib/libexpat.so.1.12.2
7f3187d4b000-7f3187d74000 r-xp 00002000 00:1e 7138083                    /usr/lib/libexpat.so.1.12.2
7f3187d74000-7f3187d7d000 r--p 0002b000 00:1e 7138083                    /usr/lib/libexpat.so.1.12.2
7f3187d7d000-7f3187d7f000 r--p 00034000 00:1e 7138083                    /usr/lib/libexpat.so.1.12.2
7f3187d7f000-7f3187d80000 rw-p 00036000 00:1e 7138083                    /usr/lib/libexpat.so.1.12.2
7f3187d80000-7f3187d86000 r--p 00000000 00:1e 5364670                    /usr/lib/libfreetype.so.6.20.6
7f3187d86000-7f3187e5b000 r-xp 00006000 00:1e 5364670                    /usr/lib/libfreetype.so.6.20.6
7f3187e5b000-7f3187e86000 r--p 000db000 00:1e 5364670                    /usr/lib/libfreetype.so.6.20.6
7f3187e86000-7f3187e8e000 r--p 00106000 00:1e 5364670                    /usr/lib/libfreetype.so.6.20.6
7f3187e8e000-7f3187e8f000 rw-p 0010e000 00:1e 5364670                    /usr/lib/libfreetype.so.6.20.6
7f3187e8f000-7f3187e91000 r--p 00000000 00:1e 4167954                    /usr/lib/libGLdispatch.so.0.0.0
7f3187e91000-7f3187ed0000 r-xp 00002000 00:1e 4167954                    /usr/lib/libGLdispatch.so.0.0.0
7f3187ed0000-7f3187ee3000 r--p 00041000 00:1e 4167954                    /usr/lib/libGLdispatch.so.0.0.0
7f3187ee3000-7f3187eff000 r--p 00054000 00:1e 4167954                    /usr/lib/libGLdispatch.so.0.0.0
7f3187eff000-7f3187f00000 rw-p 00070000 00:1e 4167954                    /usr/lib/libGLdispatch.so.0.0.0
7f3187f00000-7f3187f08000 rw-p 00000000 00:00 0 
7f3187f08000-7f3187f0e000 r--p 00000000 00:1e 7142975                    /usr/lib/libfontconfig.so.1.17.0
7f3187f0e000-7f3187f4e000 r-xp 00006000 00:1e 7142975                    /usr/lib/libfontconfig.so.1.17.0
7f3187f4e000-7f3187f83000 r--p 00046000 00:1e 7142975                    /usr/lib/libfontconfig.so.1.17.0
7f3187f83000-7f3187f8c000 r--p 0007b000 00:1e 7142975                    /usr/lib/libfontconfig.so.1.17.0
7f3187f8c000-7f3187f8d000 rw-p 00084000 00:1e 7142975                    /usr/lib/libfontconfig.so.1.17.0
7f3187f8d000-7f3187fbc000 r--p 00000000 00:1e 4167945                    /usr/lib/libGL.so.1.7.0
7f3187fbc000-7f3187fdb000 r-xp 0002f000 00:1e 4167945                    /usr/lib/libGL.so.1.7.0
7f3187fdb000-7f3187ff0000 r--p 0004e000 00:1e 4167945                    /usr/lib/libGL.so.1.7.0
7f3187ff0000-7f3187ffe000 r--p 00062000 00:1e 4167945                    /usr/lib/libGL.so.1.7.0
7f3187ffe000-7f3187fff000 rw-p 00070000 00:1e 4167945                    /usr/lib/libGL.so.1.7.0
7f3187fff000-7f3188000000 rw-p 00000000 00:00 0 
7f3188000000-7f318991a000 r-xp 00000000 00:1e 33404990                   /home/haru/.skiko/skiko-linux-x64-434f7633c843870c0839a1137b128f6c3db3c5d58dcad3545e90827e3e341afb/libskiko-linux-x64.so
7f318991a000-7f3189952000 r--p 01919000 00:1e 33404990                   /home/haru/.skiko/skiko-linux-x64-434f7633c843870c0839a1137b128f6c3db3c5d58dcad3545e90827e3e341afb/libskiko-linux-x64.so
7f3189952000-7f3189955000 rw-p 01951000 00:1e 33404990                   /home/haru/.skiko/skiko-linux-x64-434f7633c843870c0839a1137b128f6c3db3c5d58dcad3545e90827e3e341afb/libskiko-linux-x64.so
7f3189955000-7f318995e000 rw-p 00000000 00:00 0 
7f318995e000-7f318995f000 rw-s 149f42000 00:11 2108                      anon_inode:i915.gem
7f318995f000-7f3189960000 rw-s 121cae000 00:11 2108                      anon_inode:i915.gem
7f3189960000-7f3189969000 r--s 00000000 00:1e 55322308                   /home/haru/.cache/fontconfig/7bfb76ec3c5327cc78c5cae4d603192c-le64.cache-12
7f3189969000-7f318996a000 r--p 00000000 00:1e 4156760                    /usr/lib/libbrotlidec.so.1.2.0
7f318996a000-7f3189974000 r-xp 00001000 00:1e 4156760                    /usr/lib/libbrotlidec.so.1.2.0
7f3189974000-7f3189977000 r--p 0000b000 00:1e 4156760                    /usr/lib/libbrotlidec.so.1.2.0
7f3189977000-7f3189978000 r--p 0000d000 00:1e 4156760                    /usr/lib/libbrotlidec.so.1.2.0
7f3189978000-7f3189979000 rw-p 0000e000 00:1e 4156760                    /usr/lib/libbrotlidec.so.1.2.0
7f3189979000-7f318997b000 r--p 00000000 00:1e 4154104                    /usr/lib/libbz2.so.1.0.8
7f318997b000-7f3189988000 r-xp 00002000 00:1e 4154104                    /usr/lib/libbz2.so.1.0.8
7f3189988000-7f318998a000 r--p 0000f000 00:1e 4154104                    /usr/lib/libbz2.so.1.0.8
7f318998a000-7f318998b000 r--p 00010000 00:1e 4154104                    /usr/lib/libbz2.so.1.0.8
7f318998b000-7f318998c000 rw-p 00011000 00:1e 4154104                    /usr/lib/libbz2.so.1.0.8
7f318998c000-7f318998e000 r--p 00000000 00:1e 4167951                    /usr/lib/libGLX.so.0.0.0
7f318998e000-7f31899a9000 r-xp 00002000 00:1e 4167951                    /usr/lib/libGLX.so.0.0.0
7f31899a9000-7f31899ac000 r--p 0001d000 00:1e 4167951                    /usr/lib/libGLX.so.0.0.0
7f31899ac000-7f31899ad000 r--p 00020000 00:1e 4167951                    /usr/lib/libGLX.so.0.0.0
7f31899ad000-7f31899ae000 rw-p 00021000 00:1e 4167951                    /usr/lib/libGLX.so.0.0.0
7f31899ae000-7f31899be000 rw-p 00000000 00:00 0 
7f3189abf000-7f3189ac0000 rw-p 00000000 00:00 0 
7f3189ac0000-7f3189ac4000 ---p 00000000 00:00 0 
7f3189ac4000-7f3189bc1000 rw-p 00000000 00:00 0 
7f3189bc1000-7f3189bc5000 ---p 00000000 00:00 0 
7f3189bc5000-7f3189cc2000 rw-p 00000000 00:00 0 
7f3189cc2000-7f3189cc6000 ---p 00000000 00:00 0 
7f3189cc6000-7f3189dc3000 rw-p 00000000 00:00 0 
7f3189dc3000-7f3189dc7000 ---p 00000000 00:00 0 
7f3189dc7000-7f3189ec4000 rw-p 00000000 00:00 0 
7f3189ec4000-7f3189ec8000 ---p 00000000 00:00 0 
7f3189ec8000-7f3189fc5000 rw-p 00000000 00:00 0 
7f3189fc5000-7f3189fc9000 ---p 00000000 00:00 0 
7f3189fc9000-7f318a0c6000 rw-p 00000000 00:00 0 
7f318a0c6000-7f318a0ca000 ---p 00000000 00:00 0 
7f318a0ca000-7f318a1c6000 rw-p 00000000 00:00 0 
7f318a1c6000-7f318a1c8000 r--p 00000000 00:1e 4181312                    /usr/lib/libXfixes.so.3.1.0
7f318a1c8000-7f318a1cb000 r-xp 00002000 00:1e 4181312                    /usr/lib/libXfixes.so.3.1.0
7f318a1cb000-7f318a1cc000 r--p 00005000 00:1e 4181312                    /usr/lib/libXfixes.so.3.1.0
7f318a1cc000-7f318a1cd000 r--p 00006000 00:1e 4181312                    /usr/lib/libXfixes.so.3.1.0
7f318a1cd000-7f318a1ce000 rw-p 00007000 00:1e 4181312                    /usr/lib/libXfixes.so.3.1.0
7f318a1ce000-7f318a1d1000 r--p 00000000 00:1e 4181422                    /usr/lib/libXcursor.so.1.0.2
7f318a1d1000-7f318a1d8000 r-xp 00003000 00:1e 4181422                    /usr/lib/libXcursor.so.1.0.2
7f318a1d8000-7f318a1da000 r--p 0000a000 00:1e 4181422                    /usr/lib/libXcursor.so.1.0.2
7f318a1da000-7f318a1db000 r--p 0000b000 00:1e 4181422                    /usr/lib/libXcursor.so.1.0.2
7f318a1db000-7f318a1dc000 rw-p 0000c000 00:1e 4181422                    /usr/lib/libXcursor.so.1.0.2
7f318a1dc000-7f318a1e7000 r--p 00000000 00:51 4860                       /usr/lib/libfreetype.so
7f318a1e7000-7f318a258000 r-xp 0000b000 00:51 4860                       /usr/lib/libfreetype.so
7f318a258000-7f318a27c000 r--p 0007c000 00:51 4860                       /usr/lib/libfreetype.so
7f318a27c000-7f318a27d000 ---p 000a0000 00:51 4860                       /usr/lib/libfreetype.so
7f318a27d000-7f318a283000 r--p 000a0000 00:51 4860                       /usr/lib/libfreetype.so
7f318a283000-7f318a284000 rw-p 000a6000 00:51 4860                       /usr/lib/libfreetype.so
7f318a284000-7f318a28a000 r--p 00000000 00:51 4820                       /usr/lib/libfontmanager.so
7f318a28a000-7f318a404000 r-xp 00006000 00:51 4820                       /usr/lib/libfontmanager.so
7f318a404000-7f318a441000 r--p 00180000 00:51 4820                       /usr/lib/libfontmanager.so
7f318a441000-7f318a443000 r--p 001bc000 00:51 4820                       /usr/lib/libfontmanager.so
7f318a443000-7f318a444000 rw-p 001be000 00:51 4820                       /usr/lib/libfontmanager.so
7f318a444000-7f318a445000 rw-p 00000000 00:00 0 
7f318a445000-7f318a446000 r--p 00000000 00:1e 4185168                    /usr/lib/libXinerama.so.1.0.0
7f318a446000-7f318a447000 r-xp 00001000 00:1e 4185168                    /usr/lib/libXinerama.so.1.0.0
7f318a447000-7f318a448000 r--p 00002000 00:1e 4185168                    /usr/lib/libXinerama.so.1.0.0
7f318a448000-7f318a449000 r--p 00002000 00:1e 4185168                    /usr/lib/libXinerama.so.1.0.0
7f318a449000-7f318a44a000 rw-p 00003000 00:1e 4185168                    /usr/lib/libXinerama.so.1.0.0
7f318a44a000-7f318a44c000 r--p 00000000 00:1e 5088262                    /usr/lib/libXdmcp.so.6.0.0
7f318a44c000-7f318a44e000 r-xp 00002000 00:1e 5088262                    /usr/lib/libXdmcp.so.6.0.0
7f318a44e000-7f318a450000 r--p 00004000 00:1e 5088262                    /usr/lib/libXdmcp.so.6.0.0
7f318a450000-7f318a451000 r--p 00005000 00:1e 5088262                    /usr/lib/libXdmcp.so.6.0.0
7f318a451000-7f318a452000 rw-p 00006000 00:1e 5088262                    /usr/lib/libXdmcp.so.6.0.0
7f318a452000-7f318a453000 r--p 00000000 00:1e 4150378                    /usr/lib/libXau.so.6.0.0
7f318a453000-7f318a454000 r-xp 00001000 00:1e 4150378                    /usr/lib/libXau.so.6.0.0
7f318a454000-7f318a455000 r--p 00002000 00:1e 4150378                    /usr/lib/libXau.so.6.0.0
7f318a455000-7f318a456000 r--p 00002000 00:1e 4150378                    /usr/lib/libXau.so.6.0.0
7f318a456000-7f318a457000 rw-p 00003000 00:1e 4150378                    /usr/lib/libXau.so.6.0.0
7f318a457000-7f318a463000 r--p 00000000 00:1e 4150501                    /usr/lib/libxcb.so.1.1.0
7f318a463000-7f318a479000 r-xp 0000c000 00:1e 4150501                    /usr/lib/libxcb.so.1.1.0
7f318a479000-7f318a482000 r--p 00022000 00:1e 4150501                    /usr/lib/libxcb.so.1.1.0
7f318a482000-7f318a483000 r--p 0002a000 00:1e 4150501                    /usr/lib/libxcb.so.1.1.0
7f318a483000-7f318a484000 rw-p 0002b000 00:1e 4150501                    /usr/lib/libxcb.so.1.1.0
7f318a484000-7f318a486000 r--p 00000000 00:1e 4181411                    /usr/lib/libXrender.so.1.3.0
7f318a486000-7f318a48e000 r-xp 00002000 00:1e 4181411                    /usr/lib/libXrender.so.1.3.0
7f318a48e000-7f318a490000 r--p 0000a000 00:1e 4181411                    /usr/lib/libXrender.so.1.3.0
7f318a490000-7f318a491000 r--p 0000b000 00:1e 4181411                    /usr/lib/libXrender.so.1.3.0
7f318a491000-7f318a492000 rw-p 0000c000 00:1e 4181411                    /usr/lib/libXrender.so.1.3.0
7f318a492000-7f318a4a9000 r--p 00000000 00:1e 4152863                    /usr/lib/libX11.so.6.4.0
7f318a4a9000-7f318a55b000 r-xp 00017000 00:1e 4152863                    /usr/lib/libX11.so.6.4.0
7f318a55b000-7f318a5ef000 r--p 000c9000 00:1e 4152863                    /usr/lib/libX11.so.6.4.0
7f318a5ef000-7f318a5f2000 r--p 0015d000 00:1e 4152863                    /usr/lib/libX11.so.6.4.0
7f318a5f2000-7f318a5f5000 rw-p 00160000 00:1e 4152863                    /usr/lib/libX11.so.6.4.0
7f318a5f5000-7f318a5f6000 rw-p 00000000 00:00 0 
7f318a5f6000-7f318a8f9000 rw-p 00000000 00:00 0 
7f318aafb000-7f318adff000 rw-p 00000000 00:00 0 
7f318adff000-7f318ae03000 ---p 00000000 00:00 0 
7f318ae03000-7f318af00000 rw-p 00000000 00:00 0 
7f318af00000-7f318af04000 ---p 00000000 00:00 0 
7f318af04000-7f318b000000 rw-p 00000000 00:00 0 
7f318b000000-7f318b3a0000 rw-p 00000000 00:00 0 
7f318b3a0000-7f318b400000 ---p 00000000 00:00 0 
7f318b400000-7f318bcc0000 rw-p 00000000 00:00 0 
7f318bcc0000-7f318f000000 ---p 00000000 00:00 0 
7f318f000000-7f318f001000 rw-s 12c4e5000 00:11 2108                      anon_inode:i915.gem
7f318f001000-7f318f002000 rw-s 159e11000 00:11 2108                      anon_inode:i915.gem
7f318f002000-7f318f006000 r--p 00000000 00:1e 4165044                    /usr/lib/libXext.so.6.4.0
7f318f006000-7f318f015000 r-xp 00004000 00:1e 4165044                    /usr/lib/libXext.so.6.4.0
7f318f015000-7f318f018000 r--p 00013000 00:1e 4165044                    /usr/lib/libXext.so.6.4.0
7f318f018000-7f318f019000 r--p 00016000 00:1e 4165044                    /usr/lib/libXext.so.6.4.0
7f318f019000-7f318f01a000 rw-p 00017000 00:1e 4165044                    /usr/lib/libXext.so.6.4.0
7f318f01a000-7f318f039000 r--p 00000000 00:51 4724                       /usr/lib/libawt.so
7f318f039000-7f318f0bb000 r-xp 0001f000 00:51 4724                       /usr/lib/libawt.so
7f318f0bb000-7f318f0c8000 r--p 000a1000 00:51 4724                       /usr/lib/libawt.so
7f318f0c8000-7f318f0c9000 r--p 000ad000 00:51 4724                       /usr/lib/libawt.so
7f318f0c9000-7f318f0d4000 rw-p 000ae000 00:51 4724                       /usr/lib/libawt.so
7f318f0d4000-7f318f0f9000 rw-p 00000000 00:00 0 
7f318f0f9000-7f318f0fa000 rw-p 00000000 00:00 0 
7f318f0fa000-7f318f0fe000 ---p 00000000 00:00 0 
7f318f0fe000-7f318f1fb000 rw-p 00000000 00:00 0 
7f318f1fb000-7f318f1ff000 ---p 00000000 00:00 0 
7f318f1ff000-7f318f2fc000 rw-p 00000000 00:00 0 
7f318f2fc000-7f318f300000 ---p 00000000 00:00 0 
7f318f300000-7f318f3fd000 rw-p 00000000 00:00 0 
7f318f3fd000-7f318f401000 ---p 00000000 00:00 0 
7f318f401000-7f318f4fe000 rw-p 00000000 00:00 0 
7f318f4fe000-7f318f502000 ---p 00000000 00:00 0 
7f318f502000-7f318f5ff000 rw-p 00000000 00:00 0 
7f318f5ff000-7f318f603000 ---p 00000000 00:00 0 
7f318f603000-7f318f700000 rw-p 00000000 00:00 0 
7f318f700000-7f318f704000 ---p 00000000 00:00 0 
7f318f704000-7f318f800000 rw-p 00000000 00:00 0 
7f318f800000-7f318faee000 r--p 00000000 00:1e 7596061                    /usr/lib/locale/locale-archive
7f318faee000-7f318faf1000 r--s 00000000 00:1e 7143366                    /var/cache/fontconfig/1e7d0ecab17b7b46e0fd7c8a155c42f8-le64.cache-12
7f318faf1000-7f318fbf3000 rw-p 00000000 00:00 0 
7f318fbf3000-7f318fbf7000 ---p 00000000 00:00 0 
7f318fbf7000-7f31900f7000 rw-p 00000000 00:00 0 
7f31900f7000-7f3192a00000 rw-p 00000000 00:00 0 
7f3192a00000-7f3192a03000 r--p 00000000 00:1e 6087302                    /usr/lib/libXi.so.6.1.0
7f3192a03000-7f3192a12000 r-xp 00003000 00:1e 6087302                    /usr/lib/libXi.so.6.1.0
7f3192a12000-7f3192a15000 r--p 00012000 00:1e 6087302                    /usr/lib/libXi.so.6.1.0
7f3192a15000-7f3192a16000 r--p 00014000 00:1e 6087302                    /usr/lib/libXi.so.6.1.0
7f3192a16000-7f3192a17000 rw-p 00015000 00:1e 6087302                    /usr/lib/libXi.so.6.1.0
7f3192a17000-7f3192a2b000 r--p 00000000 00:51 4788                       /usr/lib/libawt_xawt.so
7f3192a2b000-7f3192a6f000 r-xp 00014000 00:51 4788                       /usr/lib/libawt_xawt.so
7f3192a6f000-7f3192a87000 r--p 00058000 00:51 4788                       /usr/lib/libawt_xawt.so
7f3192a87000-7f3192a8d000 r--p 0006f000 00:51 4788                       /usr/lib/libawt_xawt.so
7f3192a8d000-7f3192a8f000 rw-p 00075000 00:51 4788                       /usr/lib/libawt_xawt.so
7f3192a8f000-7f3192b92000 rw-p 00000000 00:00 0 
7f3192b92000-7f3192d94000 rw-p 00000000 00:00 0 
7f3192d94000-7f3192f74000 rw-p 00000000 00:00 0 
7f3192f74000-7f3198a64000 ---p 00000000 00:00 0 
7f3198a64000-7f3198aa0000 rw-p 00000000 00:00 0 
7f3198aa0000-7f31995fe000 ---p 00000000 00:00 0 
7f31995fe000-7f319a63e000 rwxp 00000000 00:00 0 
7f319a63e000-7f31a0b36000 ---p 00000000 00:00 0 
7f31a0b36000-7f31a0f56000 rwxp 00000000 00:00 0 
7f31a0f56000-7f31a10c8000 ---p 00000000 00:00 0 
7f31a10c8000-7f31a15c8000 rwxp 00000000 00:00 0 
7f31a15c8000-7f31a8600000 ---p 00000000 00:00 0 
7f31a8600000-7f31abf8f000 r--s 00000000 00:51 5564                       /usr/lib/modules
7f31abf8f000-7f31abf90000 r--s 00000000 00:1e 7143374                    /var/cache/fontconfig/787b69f04c7448ed6c581b040220c91f-le64.cache-12
7f31abf90000-7f31abf93000 r--s 00000000 00:1e 7374274                    /var/cache/fontconfig/ec9db0aec63b087e87fa5135389d951c-le64.cache-12
7f31abf93000-7f31abf95000 r--p 00000000 00:1e 4184801                    /usr/lib/libXtst.so.6.1.0
7f31abf95000-7f31abf98000 r-xp 00002000 00:1e 4184801                    /usr/lib/libXtst.so.6.1.0
7f31abf98000-7f31abf99000 r--p 00005000 00:1e 4184801                    /usr/lib/libXtst.so.6.1.0
7f31abf99000-7f31abf9a000 r--p 00006000 00:1e 4184801                    /usr/lib/libXtst.so.6.1.0
7f31abf9a000-7f31abf9b000 rw-p 00007000 00:1e 4184801                    /usr/lib/libXtst.so.6.1.0
7f31abf9b000-7f31abf9d000 r--p 00000000 00:51 5532                       /usr/lib/libzip.so
7f31abf9d000-7f31abfa1000 r-xp 00002000 00:51 5532                       /usr/lib/libzip.so
7f31abfa1000-7f31abfa3000 r--p 00006000 00:51 5532                       /usr/lib/libzip.so
7f31abfa3000-7f31abfa4000 r--p 00007000 00:51 5532                       /usr/lib/libzip.so
7f31abfa4000-7f31abfa5000 rw-p 00008000 00:51 5532                       /usr/lib/libzip.so
7f31abfa5000-7f31affe0000 rw-p 00000000 00:00 0 
7f31affe0000-7f31b0000000 ---p 00000000 00:00 0 
7f31b0000000-7f31b0003000 r--s 00000000 00:1e 7143342                    /var/cache/fontconfig/f349e9996a5320f6dd491cedd2b1f964-le64.cache-12
7f31b0003000-7f31b0006000 r--p 00000000 00:51 5308                       /usr/lib/libnet.so
7f31b0006000-7f31b000d000 r-xp 00003000 00:51 5308                       /usr/lib/libnet.so
7f31b000d000-7f31b000f000 r--p 0000a000 00:51 5308                       /usr/lib/libnet.so
7f31b000f000-7f31b0010000 r--p 0000b000 00:51 5308                       /usr/lib/libnet.so
7f31b0010000-7f31b0011000 rw-p 0000c000 00:51 5308                       /usr/lib/libnet.so
7f31b0011000-7f31b0019000 r--p 00000000 00:51 5340                       /usr/lib/libnio.so
7f31b0019000-7f31b0022000 r-xp 00008000 00:51 5340                       /usr/lib/libnio.so
7f31b0022000-7f31b0026000 r--p 00011000 00:51 5340                       /usr/lib/libnio.so
7f31b0026000-7f31b0027000 ---p 00015000 00:51 5340                       /usr/lib/libnio.so
7f31b0027000-7f31b0028000 r--p 00015000 00:51 5340                       /usr/lib/libnio.so
7f31b0028000-7f31b0029000 rw-p 00016000 00:51 5340                       /usr/lib/libnio.so
7f31b0029000-7f31b00eb000 rw-p 00000000 00:00 0 
7f31b00eb000-7f31b01ec000 rw-p 00000000 00:00 0 
7f31b01ec000-7f31b0228000 rw-p 00000000 00:00 0 
7f31b0228000-7f31b0d86000 ---p 00000000 00:00 0 
7f31b0d86000-7f31b0dc2000 rw-p 00000000 00:00 0 
7f31b0dc2000-7f31b1920000 ---p 00000000 00:00 0 
7f31b1920000-7f31b2334000 rw-p 00000000 00:00 0 
7f31b2334000-7f31b2415000 ---p 00000000 00:00 0 
7f31b2415000-7f31b2436000 rw-p 00000000 00:00 0 
7f31b2436000-7f31b2500000 ---p 00000000 00:00 0 
7f31b2500000-7f31b2504000 ---p 00000000 00:00 0 
7f31b2504000-7f31b2600000 rw-p 00000000 00:00 0 
7f31b2600000-7f31b28f3000 r--p 00000000 00:51 6932                       /usr/lib/server/libjvm.so
7f31b28f3000-7f31b3910000 r-xp 002f3000 00:51 6932                       /usr/lib/server/libjvm.so
7f31b3910000-7f31b3c3b000 r--p 01310000 00:51 6932                       /usr/lib/server/libjvm.so
7f31b3c3b000-7f31b3d2d000 r--p 0163a000 00:51 6932                       /usr/lib/server/libjvm.so
7f31b3d2d000-7f31b3d58000 rw-p 0172c000 00:51 6932                       /usr/lib/server/libjvm.so
7f31b3d58000-7f31b3ddc000 rw-p 00000000 00:00 0 
7f31b3ddc000-7f31b3ddd000 r--s 00000000 00:1e 7143356                    /var/cache/fontconfig/8d4af663993b81a124ee82e610bb31f9-le64.cache-12
7f31b3ddd000-7f31b3dde000 rw-p 00000000 00:00 0 
7f31b3dde000-7f31b3ddf000 rw-p 00000000 00:00 0 
7f31b3ddf000-7f31b3de0000 r--p 00000000 00:51 5404                       /usr/lib/libsimdsort.so
7f31b3de0000-7f31b3e19000 r-xp 00001000 00:51 5404                       /usr/lib/libsimdsort.so
7f31b3e19000-7f31b3e1f000 r--p 0003a000 00:51 5404                       /usr/lib/libsimdsort.so
7f31b3e1f000-7f31b3e20000 r--p 0003f000 00:51 5404                       /usr/lib/libsimdsort.so
7f31b3e20000-7f31b3e21000 rw-p 00040000 00:51 5404                       /usr/lib/libsimdsort.so
7f31b3e21000-7f31b3e5c000 rw-p 00000000 00:00 0 
7f31b3e5c000-7f31b3e5f000 ---p 00000000 00:00 0 
7f31b3e5f000-7f31b3e6d000 r--p 00000000 00:51 4956                       /usr/lib/libjava.so
7f31b3e6d000-7f31b3e7b000 r-xp 0000e000 00:51 4956                       /usr/lib/libjava.so
7f31b3e7b000-7f31b3e80000 r--p 0001c000 00:51 4956                       /usr/lib/libjava.so
7f31b3e80000-7f31b3e81000 ---p 00021000 00:51 4956                       /usr/lib/libjava.so
7f31b3e81000-7f31b3e82000 r--p 00021000 00:51 4956                       /usr/lib/libjava.so
7f31b3e82000-7f31b3e83000 rw-p 00022000 00:51 4956                       /usr/lib/libjava.so
7f31b3e83000-7f31b3e84000 rw-p 00000000 00:00 0 
7f31b3e84000-7f31b3e8c000 rw-s 00000000 00:37 573482                     /tmp/hsperfdata_haru/1468216 (deleted)
7f31b3e8c000-7f31b3e8d000 ---p 00000000 00:00 0 
7f31b3e8d000-7f31b3e8e000 r--p 00000000 00:00 0 
7f31b3e8e000-7f31b3e8f000 ---p 00000000 00:00 0 
7f31b3e8f000-7f31b3e93000 r--p 00000000 00:51 5052                       /usr/lib/libjimage.so
7f31b3e93000-7f31b3ea6000 r-xp 00004000 00:51 5052                       /usr/lib/libjimage.so
7f31b3ea6000-7f31b3eac000 r--p 00017000 00:51 5052                       /usr/lib/libjimage.so
7f31b3eac000-7f31b3eae000 r--p 0001c000 00:51 5052                       /usr/lib/libjimage.so
7f31b3eae000-7f31b3eaf000 rw-p 0001e000 00:51 5052                       /usr/lib/libjimage.so
7f31b3eaf000-7f31b3ebf000 r--p 00000000 00:1e 7474545                    /usr/lib/libm.so.6
7f31b3ebf000-7f31b3f55000 r-xp 00010000 00:1e 7474545                    /usr/lib/libm.so.6
7f31b3f55000-7f31b3fb5000 r--p 000a6000 00:1e 7474545                    /usr/lib/libm.so.6
7f31b3fb5000-7f31b3fb6000 r--p 00105000 00:1e 7474545                    /usr/lib/libm.so.6
7f31b3fb6000-7f31b3fb7000 rw-p 00106000 00:1e 7474545                    /usr/lib/libm.so.6
7f31b3fb7000-7f31b3fb8000 r--p 00000000 00:1e 7474567                    /usr/lib/librt.so.1
7f31b3fb8000-7f31b3fb9000 r-xp 00001000 00:1e 7474567                    /usr/lib/librt.so.1
7f31b3fb9000-7f31b3fba000 r--p 00002000 00:1e 7474567                    /usr/lib/librt.so.1
7f31b3fba000-7f31b3fbb000 r--p 00002000 00:1e 7474567                    /usr/lib/librt.so.1
7f31b3fbb000-7f31b3fbc000 rw-p 00003000 00:1e 7474567                    /usr/lib/librt.so.1
7f31b3fbc000-7f31b3fbe000 rw-p 00000000 00:00 0 
7f31b3fbe000-7f31b3fbf000 r--p 00000000 00:1e 7474562                    /usr/lib/libpthread.so.0
7f31b3fbf000-7f31b3fc0000 r-xp 00001000 00:1e 7474562                    /usr/lib/libpthread.so.0
7f31b3fc0000-7f31b3fc1000 r--p 00002000 00:1e 7474562                    /usr/lib/libpthread.so.0
7f31b3fc1000-7f31b3fc2000 r--p 00002000 00:1e 7474562                    /usr/lib/libpthread.so.0
7f31b3fc2000-7f31b3fc3000 rw-p 00003000 00:1e 7474562                    /usr/lib/libpthread.so.0
7f31b3fc3000-7f31b3fc4000 r--p 00000000 00:1e 7474540                    /usr/lib/libdl.so.2
7f31b3fc4000-7f31b3fc5000 r-xp 00001000 00:1e 7474540                    /usr/lib/libdl.so.2
7f31b3fc5000-7f31b3fc6000 r--p 00002000 00:1e 7474540                    /usr/lib/libdl.so.2
7f31b3fc6000-7f31b3fc7000 r--p 00002000 00:1e 7474540                    /usr/lib/libdl.so.2
7f31b3fc7000-7f31b3fc8000 rw-p 00003000 00:1e 7474540                    /usr/lib/libdl.so.2
7f31b3fc8000-7f31b3fcb000 r--p 00000000 00:1e 4150155                    /usr/lib/libz.so.1.3.1.zlib-ng
7f31b3fcb000-7f31b3ff5000 r-xp 00003000 00:1e 4150155                    /usr/lib/libz.so.1.3.1.zlib-ng
7f31b3ff5000-7f31b3ffe000 r--p 0002d000 00:1e 4150155                    /usr/lib/libz.so.1.3.1.zlib-ng
7f31b3ffe000-7f31b3fff000 r--p 00035000 00:1e 4150155                    /usr/lib/libz.so.1.3.1.zlib-ng
7f31b3fff000-7f31b4000000 rw-p 00036000 00:1e 4150155                    /usr/lib/libz.so.1.3.1.zlib-ng
7f31b4000000-7f31b4024000 r--p 00000000 00:1e 7474535                    /usr/lib/libc.so.6
7f31b4024000-7f31b41d1000 r-xp 00024000 00:1e 7474535                    /usr/lib/libc.so.6
7f31b41d1000-7f31b4249000 r--p 001d1000 00:1e 7474535                    /usr/lib/libc.so.6
7f31b4249000-7f31b424d000 r--p 00248000 00:1e 7474535                    /usr/lib/libc.so.6
7f31b424d000-7f31b424f000 rw-p 0024c000 00:1e 7474535                    /usr/lib/libc.so.6
7f31b424f000-7f31b4259000 rw-p 00000000 00:00 0 
7f31b4259000-7f31b425c000 r--p 00000000 00:51 5084                       /usr/lib/libjli.so
7f31b425c000-7f31b4266000 r-xp 00003000 00:51 5084                       /usr/lib/libjli.so
7f31b4266000-7f31b4269000 r--p 0000d000 00:51 5084                       /usr/lib/libjli.so
7f31b4269000-7f31b426a000 ---p 00010000 00:51 5084                       /usr/lib/libjli.so
7f31b426a000-7f31b426b000 r--p 00010000 00:51 5084                       /usr/lib/libjli.so
7f31b426b000-7f31b426c000 rw-p 00011000 00:51 5084                       /usr/lib/libjli.so
7f31b426c000-7f31b426e000 rw-p 00000000 00:00 0 
7f31b426e000-7f31b42a7000 r--p 00000000 00:1e 7642107                    /etc/ld.so.cache
7f31b42a7000-7f31b42ab000 r--p 00000000 00:00 0                          [vvar]
7f31b42ab000-7f31b42ad000 r--p 00000000 00:00 0                          [vvar_vclock]
7f31b42ad000-7f31b42af000 r-xp 00000000 00:00 0                          [vdso]
7f31b42af000-7f31b42b0000 r--p 00000000 00:1e 7474526                    /usr/lib/ld-linux-x86-64.so.2
7f31b42b0000-7f31b42e1000 r-xp 00001000 00:1e 7474526                    /usr/lib/ld-linux-x86-64.so.2
7f31b42e1000-7f31b42f1000 r--p 00032000 00:1e 7474526                    /usr/lib/ld-linux-x86-64.so.2
7f31b42f1000-7f31b42f3000 r--p 00041000 00:1e 7474526                    /usr/lib/ld-linux-x86-64.so.2
7f31b42f3000-7f31b42f4000 rw-p 00043000 00:1e 7474526                    /usr/lib/ld-linux-x86-64.so.2
7f31b42f4000-7f31b42f5000 rw-p 00000000 00:00 0 
7ffd6efa6000-7ffd6efc9000 rw-p 00000000 00:00 0                          [stack]
ffffffffff600000-ffffffffff601000 --xp 00000000 00:00 0                  [vsyscall]
Total number of mappings: 641

JVMTI agents: none


VM Arguments:
jvm_args: -XX:NativeMemoryTracking=summary --add-opens=java.desktop/sun.awt.X11=ALL-UNNAMED --add-opens=java.base/sun.nio.ch=ALL-UNNAMED --enable-native-access=ALL-UNNAMED -XX:+AutoCreateSharedArchive -XX:SharedArchiveFile=/home/haru/.local/share/nexira/app-2.4.0-nightly1502-33ae6ee66881.jsa -Dawt.useSystemAAFontSettings=on -Djdk.gtk.version=3 -D_JAVA_AWT_WM_NONREPARENTING=1 -Drobot.need_x11=false -XX:+UseG1GC -XX:+UseStringDeduplication 
java_command: /tmp/.mount_NexirapBkhGo/usr/lib/nexira.jar
java_class_path (initial): /tmp/.mount_NexirapBkhGo/usr/lib/nexira.jar
Launcher Type: SUN_STANDARD

[Global flags]
     bool AOTAdapterCaching                        = false                                  {diagnostic} {ergonomic}
     bool AOTInvokeDynamicLinking                  = false                                  {diagnostic} {ergonomic}
     bool AOTRecordTraining                        = false                                  {diagnostic} {ergonomic}
     bool AOTReplayTraining                        = false                                  {diagnostic} {ergonomic}
     bool AOTStubCaching                           = false                                  {diagnostic} {ergonomic}
     bool AutoCreateSharedArchive                  = false                                     {product} {command line}
     intx CICompilerCount                          = 4                                         {product} {ergonomic}
     uint ConcGCThreads                            = 3                                         {product} {ergonomic}
     uint G1ConcRefinementThreads                  = 10                                        {product} {ergonomic}
     uint G1EagerReclaimRemSetThreshold            = 32                                   {experimental} {ergonomic}
   size_t G1HeapRegionSize                         = 4194304                                   {product} {ergonomic}
     uint G1RemSetArrayOfCardsEntries              = 32                                   {experimental} {ergonomic}
     uint G1RemSetHowlMaxNumBuckets                = 8                                    {experimental} {ergonomic}
     uint G1RemSetHowlNumBuckets                   = 8                                    {experimental} {ergonomic}
   size_t InitialHeapSize                          = 8388608                                   {product} {ergonomic}
     bool IntelJccErratumMitigation                = false                             {ARCH diagnostic} {ergonomic}
   size_t MarkStackSize                            = 4194304                                   {product} {ergonomic}
   size_t MarkStackSizeMax                         = 536870912                                 {product} {ergonomic}
   size_t MaxHeapSize                              = 6228541440                                {product} {ergonomic}
   size_t MaxNewSize                               = 3737124864                                {product} {ergonomic}
 uint64_t MaxRAM                                   = 24902414336                               {product} {ergonomic}
   size_t MinHeapDeltaBytes                        = 4194304                                   {product} {ergonomic}
   size_t MinHeapSize                              = 8388608                                   {product} {ergonomic}
    ccstr NativeMemoryTracking                     = summary                                   {product} {environment}
   size_t NonNMethodCodeHeapSize                   = 5840896                                {pd product} {ergonomic}
   size_t NonProfiledCodeHeapSize                  = 122912768                              {pd product} {ergonomic}
   size_t ProfiledCodeHeapSize                     = 122912768                              {pd product} {ergonomic}
   size_t ReservedCodeCacheSize                    = 251666432                              {pd product} {ergonomic}
     bool SegmentedCodeCache                       = true                                      {product} {ergonomic}
    ccstr SharedArchiveFile                        = /home/haru/.local/share/nexira/app-2.4.0-nightly1502-33ae6ee66881.jsa            {product} {command line}
   size_t SoftMaxHeapSize                          = 6228541440                             {manageable} {ergonomic}
     bool UseCompressedOops                        = true                           {product lp64_product} {ergonomic}
     bool UseCondCardMark                          = true                                      {product} {ergonomic}
     bool UseFastUnorderedTimeStamps               = true                                 {experimental} {ergonomic}
     bool UseG1GC                                  = true                                      {product} {command line}
     bool UseStringDeduplication                   = true                                      {product} {command line}
      int X86ICacheSync                            = 3                                 {ARCH diagnostic} {ergonomic}

Logging:
Log output configuration:
 #0: stdout all=off uptime,level,tags foldmultilines=false
 #1: stderr all=off uptime,level,tags foldmultilines=false

Release file:
JAVA_VERSION="26.0.2"
MODULES="java.base java.datatransfer java.xml java.prefs java.desktop java.logging java.management java.security.sasl java.naming java.security.jgss jdk.crypto.ec jdk.localedata jdk.management jdk.security.auth jdk.unsupported jdk.zipfs"

Environment Variables:
JAVA_TOOL_OPTIONS=-XX:NativeMemoryTracking=summary
PATH=/home/haru/.local/bin:/home/haru/.nix-profile/bin:/nix/var/nix/profiles/default/bin:/usr/local/sbin:/usr/local/bin:/usr/bin:/var/lib/flatpak/exports/bin:/usr/lib/jvm/default/bin:/usr/bin/site_perl:/usr/bin/vendor_perl:/usr/bin/core_perl:/usr/lib/rustup/bin:/home/haru/.claude/plugins/cache/claude-plugins-official/rust-analyzer-lsp/1.0.0/bin:/home/haru/.claude/plugins/cache/claude-plugins-official/clangd-lsp/1.0.0/bin:/home/haru/.claude/plugins/cache/claude-plugins-official/qt-development-skills/1.6.1/bin:/home/haru/.claude/plugins/cache/claude-plugins-official/frontend-design/unknown/bin
XDG_CACHE_HOME=/home/haru/.cache
XDG_CONFIG_HOME=/home/haru/.config
SHELL=/usr/bin/bash
DISPLAY=:0
WAYLAND_DISPLAY=wayland-1
LANG=en_US.UTF-8
TERM=xterm-kitty

Active Locale:
LC_ALL=en_US.UTF-8
LC_COLLATE=en_US.UTF-8
LC_CTYPE=en_US.UTF-8
LC_MESSAGES=en_US.UTF-8
LC_MONETARY=en_US.UTF-8
LC_NUMERIC=en_US.UTF-8
LC_TIME=en_US.UTF-8

Signal Handlers:
   SIGSEGV: 0x00007f31b3830fa0 in libjvm.so+19074976, mask=11100100010111111101111111111110, flags=SA_RESTART|SA_SIGINFO, unblocked
    SIGBUS: 0x00007f31b3830fa0 in libjvm.so+19074976, mask=11100100010111111101111111111110, flags=SA_RESTART|SA_SIGINFO, unblocked
    SIGFPE: 0x00007f31b3830fa0 in libjvm.so+19074976, mask=11100100010111111101111111111110, flags=SA_RESTART|SA_SIGINFO, unblocked
   SIGPIPE: 0x00007f31b3663680 in libjvm.so+17184384, mask=11100100010111111101111111111110, flags=SA_RESTART|SA_SIGINFO, blocked
   SIGXFSZ: 0x00007f31b3663680 in libjvm.so+17184384, mask=11100100010111111101111111111110, flags=SA_RESTART|SA_SIGINFO, blocked
    SIGILL: 0x00007f31b3830fa0 in libjvm.so+19074976, mask=11100100010111111101111111111110, flags=SA_RESTART|SA_SIGINFO, unblocked
   SIGUSR2: 0x00007f31b3664d50 in libjvm.so+17190224, mask=00000000000000000000000000000000, flags=SA_RESTART|SA_SIGINFO, blocked
    SIGHUP: SIG_IGN, mask=00000000000000000000000000000000, flags=none, blocked
    SIGINT: 0x00007f31b3662b40 in libjvm.so+17181504, mask=11100100010111111101111111111110, flags=SA_RESTART|SA_SIGINFO, blocked
   SIGTERM: 0x00007f31b3662b40 in libjvm.so+17181504, mask=11100100010111111101111111111110, flags=SA_RESTART|SA_SIGINFO, blocked
   SIGQUIT: 0x00007f31b3662b40 in libjvm.so+17181504, mask=11100100010111111101111111111110, flags=SA_RESTART|SA_SIGINFO, blocked
   SIGTRAP: 0x00007f31b3830fa0 in libjvm.so+19074976, mask=11100100010111111101111111111110, flags=SA_RESTART|SA_SIGINFO, unblocked


Native Memory Tracking:

(Omitting categories weighting less than 1KB)

Total: reserved=7804111KB, committed=335043KB
       malloc: 42451KB #157944, peak=106142KB #59960
       mmap:   reserved=7761660KB, committed=292592KB

-                 Java Heap (reserved=6082560KB, committed=122880KB)
                            (mmap: reserved=6082560KB, committed=122880KB, peak=258048KB)

-                     Class (reserved=1049579KB, committed=1835KB)
                            (classes #15280)
                            (  instance classes #14453, array classes #827)
                            (malloc=1003KB tag=Class #25722) (peak=1007KB #25905)
                            (mmap: reserved=1048576KB, committed=832KB, at peak)
                            (  Metadata:   )
                            (    reserved=65536KB, committed=12672KB)
                            (    used=12460KB)
                            (    waste=212KB =1.67%)
                            (  Class space:)
                            (    reserved=1048576KB, committed=832KB)
                            (    used=638KB)
                            (    waste=194KB =23.36%)

-                    Thread (reserved=55492KB, committed=4504KB)
                            (threads #54)
                            (stack: reserved=55296KB, committed=4308KB, peak=5144KB)
                            (malloc=131KB tag=Thread #352) (peak=192KB #478)
                            (arena=66KB #112) (peak=1352KB #126)

-                      Code (reserved=256707KB, committed=35203KB)
                            (malloc=9010KB tag=Code #49382) (peak=10765KB #55180)
                            (mmap: reserved=247696KB, committed=26192KB, at peak)
                            (arena=1KB #1) (peak=34KB #2)

-                        GC (reserved=185148KB, committed=57108KB)
                            (malloc=21500KB tag=GC #10887) (peak=40197KB #11073)
                            (mmap: reserved=163648KB, committed=35608KB, peak=38512KB)
                            (arena=0KB #0) (peak=38KB #6)

-                 GCCardSet (reserved=2KB, committed=2KB)
                            (malloc=2KB tag=GCCardSet #14) (peak=9KB #104)

-                  Compiler (reserved=420KB, committed=420KB)
                            (malloc=224KB tag=Compiler #105) (peak=298KB #135)
                            (arena=196KB #6) (peak=72128KB #34)

-                  Internal (reserved=615KB, committed=615KB)
                            (malloc=579KB tag=Internal #11822) (peak=5226KB #8011)
                            (mmap: reserved=36KB, committed=36KB, at peak)

-                     Other (reserved=71KB, committed=71KB)
                            (malloc=71KB tag=Other #35) (peak=159KB #51)

-                    Symbol (reserved=2619KB, committed=2619KB)
                            (malloc=2259KB tag=Symbol #37443) (at peak)
                            (arena=360KB #1) (at peak)

-    Native Memory Tracking (reserved=2790KB, committed=2790KB)
                            (malloc=13KB tag=Native Memory Tracking #244) (peak=16KB #294)
                            (tracking overhead=2776KB)

-        Shared class space (reserved=98304KB, committed=90056KB, readonly=0KB)
                            (mmap: reserved=98304KB, committed=90056KB, peak=91252KB)

-               Arena Chunk (reserved=1627KB, committed=1627KB)
                            (malloc=1627KB tag=Arena Chunk #199) (peak=80082KB #1165)

-                   Tracing (reserved=15KB, committed=15KB)
                            (malloc=15KB tag=Tracing #67) (peak=20KB #88)

-                    Module (reserved=67KB, committed=67KB)
                            (malloc=67KB tag=Module #1701) (at peak)

-                 Safepoint (reserved=8KB, committed=8KB)
                            (mmap: reserved=8KB, committed=8KB, at peak)

-           Synchronization (reserved=1110KB, committed=1110KB)
                            (malloc=1110KB tag=Synchronization #10920) (peak=1110KB #10922)

-            Serviceability (reserved=17KB, committed=17KB)
                            (malloc=17KB tag=Serviceability #10) (peak=20KB #18)

-                 Metaspace (reserved=65648KB, committed=12784KB)
                            (malloc=112KB tag=Metaspace #112) (at peak)
                            (mmap: reserved=65536KB, committed=12672KB, at peak)

-      String Deduplication (reserved=1298KB, committed=1298KB)
                            (malloc=1298KB tag=String Deduplication #8790) (peak=1357KB #8999)

-           Object Monitors (reserved=4KB, committed=4KB)
                            (malloc=4KB tag=Object Monitors #18) (peak=85KB #404)

-                       JNI (reserved=11KB, committed=11KB)
                            (malloc=11KB tag=JNI #113) (at peak)

Preinit state:entries: 407 (primary: 407, empties: 7784), sum bytes: 22674, longest chain length: 1
pre-init mallocs: 502, pre-init reallocs: 15, pre-init frees: 95
MallocLimit: unset

Compilation memory statistics disabled.

Periodic native trim disabled

---------------  S Y S T E M  ---------------

OS:
DISTRIB_ID="Arch"
DISTRIB_RELEASE="rolling"
DISTRIB_DESCRIPTION="Arch Linux"
uname: Linux 7.1.4-arch1-1 #1 SMP PREEMPT_DYNAMIC Sat, 18 Jul 2026 17:30:57 +0000 x86_64
OS uptime: 8 days 20:53 hours
libc: glibc 2.44 NPTL 2.44 
rlimit (soft/hard): STACK 8192k/infinity , CORE infinity/infinity , NPROC 94818/94818 , NOFILE 524288/524288 , AS infinity/infinity , CPU infinity/infinity , DATA infinity/infinity , FSIZE infinity/infinity , MEMLOCK infinity/infinity
load average: 1.02 1.57 1.67

/proc/meminfo:
MemTotal:       24318764 kB
MemFree:         2145312 kB
MemAvailable:    9672900 kB
Buffers:              20 kB
Cached:          9257084 kB
SwapCached:        51332 kB
Active:          8958328 kB
Inactive:        6114780 kB
Active(anon):    5453544 kB
Inactive(anon):  1838984 kB
Active(file):    3504784 kB
Inactive(file):  4275796 kB
Unevictable:     1387296 kB
Mlocked:            3184 kB
SwapTotal:      58720248 kB
SwapFree:       49630156 kB
Zswap:                 0 kB
Zswapped:              0 kB
Dirty:              1076 kB
Writeback:            32 kB
AnonPages:       7186544 kB
Mapped:          1272780 kB
Shmem:           2011688 kB
KReclaimable:     471352 kB
Slab:             982440 kB
SReclaimable:     471352 kB
SUnreclaim:       511088 kB
KernelStack:       33376 kB
PageTables:       113336 kB
SecPageTables:      2056 kB
NFS_Unstable:          0 kB
Bounce:                0 kB
WritebackTmp:          0 kB
CommitLimit:    70879628 kB
Committed_AS:   36416332 kB
VmallocTotal:   34359738367 kB
VmallocUsed:      207588 kB
VmallocChunk:          0 kB
Percpu:            14912 kB
HardwareCorrupted:     0 kB
AnonHugePages:    141312 kB
ShmemHugePages:    10240 kB
ShmemPmdMapped:        0 kB
FileHugePages:    346112 kB
FilePmdMapped:    344064 kB
CmaTotal:              0 kB
CmaFree:               0 kB
Unaccepted:            0 kB
Balloon:               0 kB
GPUActive:             0 kB
GPUReclaim:            0 kB
HugePages_Total:       0
HugePages_Free:        0
HugePages_Rsvd:        0
HugePages_Surp:        0
Hugepagesize:       2048 kB
Hugetlb:               0 kB
DirectMap4k:      312184 kB
DirectMap2M:    11988992 kB
DirectMap1G:    12582912 kB

/sys/kernel/mm/transparent_hugepage/enabled: [always] madvise never
/sys/kernel/mm/transparent_hugepage/hpage_pmd_size: 2097152
/sys/kernel/mm/transparent_hugepage/shmem_enabled: always within_size [advise] never deny force
/sys/kernel/mm/transparent_hugepage/defrag (defrag/compaction efforts parameter): always defer defer+madvise [madvise] never

Process Memory:
Virtual Size: 8487520K (peak: 8754048K)
Resident Set Size: 587220K (peak: 821500K) (anon: 478484K, file: 108692K, shmem: 44K)
Swapped out: 0K
C-Heap outstanding allocations: 162995K, retained: 89500K
glibc malloc tunables: MALLOC_ARENA_MAX=2

/proc/sys/kernel/threads-max (system-wide limit on the number of threads): 189637
/proc/sys/vm/max_map_count (maximum number of memory map areas a process may have): 1048576
/proc/sys/vm/swappiness (control to define how aggressively the kernel swaps out anonymous memory): 10
/proc/sys/kernel/pid_max (system-wide limit on number of process identifiers): 4194304

container information not found.
Steal ticks since vm start: 0
Steal ticks percentage since vm start:  0.000

CPU: total 12 (initial active 12) (hybrid) family 6 model 154 stepping 4 microcode 0x43b, cx8, cmov, fxsr, mmx, 3dnowpref, sse, sse2, sse3, ssse3, sse4.1, sse4.2, popcnt, lzcnt, tsc, tscinvbit, avx, avx2, aes, erms, clmul, bmi1, bmi2, adx, sha, fma, vzeroupper, clflush, clflushopt, clwb, serialize, rdtscp, rdpid, fsrm, gfni, f16c, pku, ospke, cet_ibt, cet_ss, hybrid
CPU Model and flags from /proc/cpuinfo:
model name	: 12th Gen Intel(R) Core(TM) i5-1235U
flags		: fpu vme de pse tsc msr pae mce cx8 apic sep mtrr pge mca cmov pat pse36 clflush dts acpi mmx fxsr sse sse2 ss ht tm pbe syscall nx pdpe1gb rdtscp lm constant_tsc art arch_perfmon pebs bts rep_good nopl xtopology nonstop_tsc cpuid aperfmperf tsc_known_freq pni pclmulqdq dtes64 monitor ds_cpl vmx smx est tm2 ssse3 sdbg fma cx16 xtpr pdcm pcid sse4_1 sse4_2 x2apic movbe popcnt tsc_deadline_timer aes xsave avx f16c rdrand lahf_lm abm 3dnowprefetch cpuid_fault epb ssbd ibrs ibpb stibp ibrs_enhanced tpr_shadow flexpriority ept vpid ept_ad fsgsbase tsc_adjust bmi1 avx2 smep bmi2 erms invpcid rdseed adx smap clflushopt clwb intel_pt sha_ni xsaveopt xsavec xgetbv1 xsaves split_lock_detect user_shstk avx_vnni dtherm ida arat pln pts hwp hwp_notify hwp_act_window hwp_epp hwp_pkg_req hfi vnmi umip pku ospke waitpkg gfni vaes vpclmulqdq rdpid movdiri movdir64b fsrm md_clear serialize arch_lbr ibt flush_l1d arch_capabilities

Online cpus: 0-11
Offline cpus: 
BIOS frequency limitation: <Not Available>
Frequency switch latency (ns): 0
Available cpu frequencies: <Not Available>
Current governor: performance
Core performance/turbo boost: <Not Available>

Memory: 4k page, physical 24318764k(9672900k free), swap 58720248k(49630156k free)
Page Sizes: 4k

vm_info: OpenJDK 64-Bit Server VM (26.0.2+13) for linux-amd64 JRE (26.0.2+13), built on 2026-07-15T12:30:05Z with gcc 10.2.0

END.
